X1,X2,Value test
4.015272658235177,0.8064832463220241,-1
-1.8856707903461813,-0.09601199285105193,1
-1.6986793523028663,-3.532364341172613,-1
1.8107527593661836,0.9829041084190557,1
-2.3249761333556336,3.6365755982330827,-1
-1.2120774885849148,-0.7195263167980498,1
-2.768019146078364,-3.243395716101666,-1
0.06345267719592874,-1.533511257914406,1
1.246287734138866,4.137356318794749,-1
0.02584401163082127,0.22046375382086908,1
-3.2368393682907834,-2.0937422257905034,-1
-0.0011861113954765273,0.3907129971975409,1
-0.13346153187252327,-4.293084404664918,-1
0.2363164402528647,-1.3406760727732014,1
3.671715932989196,-1.241889345986713,-1
0.5631985277267163,-2.0642221563458567,1
0.20855628539204918,4.338935024523201,-1
0.6269739051659885,0.9462074982506385,1
3.4682524607524523,-2.000454759671224,-1
0.591916068996699,1.6866383656555601,1
-2.743744579541198,3.2079364535959307,-1
-0.707813592983367,-0.09728354487014766,1
-3.6567831573725282,2.221499428396842,-1
-0.15762622022887188,0.011151459725278024,1
4.2473727330375475,-0.3853938452443756,-1
-0.6040251570790065,-0.6982800606312746,1
-4.425100713876869,0.16428236271827257,-1
-1.5744547048591002,1.5887893600914298,1
-3.429789005733607,2.1086305082945076,-1
0.5076510948453864,-2.2896954915858356,1
-3.585646907345464,-2.066225953343651,-1
-0.07488927466756187,-0.21061249262750467,1
1.232584131172567,4.732312210414621,-1
-0.12172379453598792,-1.5349071841452742,1
4.057834226457512,2.066652103251675,-1
-0.1418099226402149,0.5477028842710326,1
3.2799011937806317,-2.067419099966516,-1
-0.18460705657611093,-0.8591190648922274,1
2.874077872378378,3.2871669179009273,-1
0.029588781357610644,0.826320765112226,1
-3.7674401035894274,-2.1375760595599123,-1
-0.6786763870540672,-0.5448153546644277,1
4.510903033304632,0.016567822330437604,-1
-1.8173721717478626,0.9997361372671232,1
-3.791747973921902,2.083969306544141,-1
-0.35451496668905164,-2.380253593006722,1
3.4675337645488677,2.4046810569576915,-1
0.4095151011693053,0.05565897644718026,1
-2.2993859408278343,-3.349053480684925,-1
0.05149592285874831,-0.3764852676989765,1
3.3509556991499982,3.1607828353867746,-1
-0.8420969639650183,-0.1774271115228733,1
-0.41867244058105924,-4.259769684575312,-1
0.6344596161009859,0.01777776242289157,1
-1.1523792153857735,-4.042618190499524,-1
1.9414988281330887,-0.2122956347283855,1
-3.6801127995780845,2.4433336919217266,-1
-0.9204201880665818,-0.1219091560129931,1
-4.282501918014949,0.9529766477052604,-1
0.04909913539932882,-1.633520281587515,1
-1.377771331252375,-3.41359073026163,-1
0.026220275032549218,-1.606393545343194,1
2.834973559651992,-3.086318175522273,-1
0.5636786096939909,0.011112988153675308,1
-1.584417335029714,3.479731009777166,-1
0.7063148043855972,0.1275729010263444,1
3.6326068880753506,0.6825241084038332,-1
-1.43598663198009,1.2269341768426352,1
0.9642413367881,4.5958326532590466,-1
0.31576807332691403,1.925676708101379,1
4.017063232775548,-0.1782846814612086,-1
-0.3166314333067706,-1.1113542500360716,1
1.8621987920307894,3.4453124235912322,-1
1.0849570490139122,0.26836303052585186,1
-4.669680684763457,-0.709281343958934,-1
-0.4921185555705943,1.0293743753753752,1
-4.619810751458876,0.9823583679697321,-1
-0.5471698887310966,1.7634401783233582,1
-3.1614958944728855,-2.324856166088538,-1
-1.3492116194870292,0.3464524031832519,1
-3.103711219996632,3.490116420988752,-1
-0.2847575919398531,-0.29771046033127996,1
0.1702779463783356,3.756500005851926,-1
-2.1859779866899847,-0.15045113635445934,1
-1.4661231324094204,-4.606218194623312,-1
0.014206614165356207,-1.6029010595054873,1
0.9052855572042784,-4.079686638902596,-1
0.24833778757434505,0.827576392482182,1
2.9538500628575006,3.000023356448469,-1
-0.37856342682472005,0.23307940352327203,1
2.521356666862944,3.747128898869932,-1
-0.16951191774366392,-0.29198909579708165,1
3.7389628936624826,-2.401713637559123,-1
0.7063818217121262,0.14077475438032147,1
-2.883834710476255,-3.037260607749981,-1
-0.2711421203411654,1.150538300660097,1
2.0032712862387823,3.2502642220606384,-1
-0.5649808979358695,1.1278184421500927,1
-4.052982027458879,0.058944759806852466,-1
-0.48028100180540123,-0.9285118778693466,1
-0.19030682034359467,4.020571811423649,-1
-1.1133980505765197,-0.02736672684051819,1
1.802863776759109,-3.2664188179574247,-1
-1.0671268326770844,0.4595633273032388,1
1.090266778662818,-3.523837819840236,-1
0.1094791200734444,0.7661870887713219,1
-3.5082245343642184,-2.205169132839222,-1
-0.4045357256226421,1.396956013321403,1
3.811479706335022,1.9583356581520048,-1
0.6604402049953797,-2.062170237915766,1
2.280050867552241,-3.7362832638911896,-1
0.13988800969003923,-0.09608488069931469,1
3.2746350332914935,2.399109825873512,-1
0.6808942611446266,0.32527608692043714,1
-4.697629172097692,0.3065973222898527,-1
-0.04245410739771268,-1.9000703507711127,1
-3.5800582975301194,0.8540708358411743,-1
0.15064782296137116,-2.3810884651813797,1
-3.165647826524305,-2.6595213535590023,-1
0.8365595550743957,-1.5312393501066843,1
3.497505392853929,-2.132896029396084,-1
0.06660114859991241,-0.6071106973953868,1
-1.8126524670618012,-4.572446435199883,-1
-0.30087984676562896,2.2404767166429984,1
2.8701414609952467,2.5796786862198005,-1
-0.44681680472748053,-0.525252129398799,1
3.110129715773474,3.241310307984798,-1
0.38268582385364536,-2.110265948883201,1
-1.0257381827961245,4.605453129116661,-1
-1.214247159394111,-0.2672016897229321,1
-0.8650765743878809,3.5599342523144006,-1
-0.0866694192839982,-1.8054826981276246,1
-3.5073277372925413,-3.226251656566087,-1
-0.8980191202763749,0.28703966287781474,1
0.05622196057938675,-4.415579864804464,-1
-0.43931315382671726,-1.0448441954776895,1
3.0697788897287026,-3.727449329978407,-1
-0.8004519601656033,-0.286598983879967,1
-0.7459599828515258,4.701614777582371,-1
-0.9003116194390842,1.396157079913985,1
-0.015002539723044247,-4.3081495431649905,-1
-0.0998639372328117,1.6765748290958082,1
3.243664316049661,2.8129364266629096,-1
-0.22455537688310181,1.6998963246867298,1
3.5323983978078757,-2.212205077257434,-1
-0.04904798841797978,-2.2045079734903266,1
2.515545644294381,3.781703294215983,-1
-1.6734457918729813,-0.8635573049419627,1
-3.583328799698325,-0.4805293599126589,-1
-1.816333350016573,0.07089950180974285,1
1.4617099597553873,-4.618310773026457,-1
2.467373565080113,0.07908917951655416,1
3.39749433423626,-2.2812731957944865,-1
0.2172396939254063,-0.6273197987969199,1
-3.686740796011199,-2.5986744967045476,-1
-0.03123110834625528,1.6821093227253918,1
-0.07171959009006516,3.828115869129649,-1
0.17935876411076204,-2.065612294593222,1
-0.43594079989093304,-3.957869212253379,-1
0.8282339714093199,-0.4393213613730543,1
-4.066896672674673,0.7429447906786639,-1
0.8093870844056259,-0.17483728651753258,1
-4.740846756174873,-0.3280098238240103,-1
0.09859133244702409,0.8662703226530195,1
-3.3831053544403087,2.7981640714073275,-1
-1.023704609177056,-1.3295049591478434,1
0.720308200359983,-3.7053813334137207,-1
-0.25875982866202435,-0.302244741890642,1
2.511675745114402,3.609198485481977,-1
-1.217381069599902,0.9883184091185738,1
3.345541257140701,2.0199416781016692,-1
-0.21291711534023067,-1.267513334520726,1
1.3189455136213208,4.592900304644074,-1
1.958761970361729,0.5500857655978791,1
-4.111595193429106,-1.5495651020812145,-1
1.4974118353660828,1.3377994718980197,1
-4.759403938246238,-1.4843083102923502,-1
0.016983408022092444,1.7196254815905803,1
-2.3083064495989905,-3.654561303240933,-1
-0.2773429163027823,-0.08481669448835652,1
4.1766575025430095,-0.74364406964427,-1
0.37150219959558206,-1.40946439367425,1
2.5208454724224176,3.7337629694926573,-1
-0.4468540620850836,-0.29925466127805256,1
4.017242217429105,-1.4335008735523938,-1
-0.05169467512707378,0.4030450677741558,1
-1.2169283705912775,3.8116010921349757,-1
0.684779923981299,1.049227237996936,1
3.387979139564031,-1.9821963300177756,-1
-0.015316014390352508,0.0004332599310603988,1
-3.3185965726398576,-1.3924356037710324,-1
0.5668358568600922,-0.6741500373669553,1
-3.342981313848668,-2.309883021485999,-1
-1.3084350541237324,1.5924538234110066,1
2.9181656808408696,3.122145426658159,-1
0.6783355671554789,-0.12725692504701352,1
3.8139261157638464,-2.5977373199651326,-1
0.3341800919739603,0.03316789104629259,1
-3.780465740583753,0.3837467544627491,-1
-0.457850527354939,2.145297736316958,1
-0.4058274500190878,-4.130252649124178,-1
0.543778839703733,0.9154012389019878,1
-1.532502072583674,-3.6196169367844764,-1
-1.268899318568475,1.0427946958417986,1
3.7586588736972164,-1.2085355840639238,-1
1.2342856878669344,0.44594444124707633,1
2.5104894924733423,2.9567169664546538,-1
2.0654111137265456,-0.1729312142805291,1
-1.934132673621013,-3.6468466187534045,-1
1.7725217599406857,-0.1855293860661226,1
0.956036846967735,-4.553622765462285,-1
-0.6323961351173413,-1.0166371039532105,1
3.5137212163904135,-1.80877356992859,-1
0.11970331071117421,0.4345948688479484,1
0.0019399537772044624,-4.759790281864708,-1
-1.5686874267003954,0.6277835764563562,1
1.0074098742719897,-3.6068599092148403,-1
0.40407979210709744,-0.22494131203225637,1
0.27102265703177836,-4.833069953105949,-1
2.2732003989457636,0.054135377602583315,1
0.9004986950829704,-4.657555568617098,-1
0.8220238838944796,0.06697849742459494,1
-3.3702326065962267,2.7057099335317907,-1
-0.3333117915972451,-1.0235985924895168,1
-2.2411038480805194,-3.010867623715126,-1
-1.3024818112695724,0.7517246514259734,1
4.585203163927862,1.7254905735119133,-1
-2.1082775150565034,0.17936067439793069,1
3.0785897519969967,-3.6035559265251718,-1
-2.1682988007537616,-0.18889123402649116,1
2.713156063788906,-3.7517383518737892,-1
-1.9126908266752145,0.4468457439799919,1
-2.268041475469397,4.258690943487295,-1
-0.13707890614002563,-1.8583219934172033,1
2.070817059279919,3.737635526050519,-1
-1.7483580183223941,0.7434454734377436,1
0.5730079479065368,4.818243194967462,-1
0.1810953570264747,-1.4086094111647276,1
-0.11719852747123066,-4.9571004881004175,-1
-1.139817976859391,0.09983647336088781,1
-4.463563629612379,-0.46920500189960623,-1
-1.01413813687462,-0.4045876892221445,1
-1.4176191370166369,4.116995162200843,-1
0.5037547421038044,0.14081736807147383,1
4.731305197844126,-1.1680196745719922,-1
0.1813554832519132,1.314924553170153,1
-1.62512148742132,4.462211301289737,-1
-0.2429466276706903,-1.0578685373297938,1
-3.575703244005912,1.4561980139376132,-1
-0.26306972091927633,-0.6438253477110725,1
3.262954714984473,2.299950009243072,-1
-2.1976072823641637,0.003351291770383284,1
-1.5338099956388493,3.32470049905784,-1
1.1637268796807754,0.28858384893818995,1
3.53622665882336,1.7183134039261396,-1
-1.7572306675595728,0.0379631060194839,1
-2.805465847346144,3.394731879359935,-1
0.3528002260165972,-1.3859113503993064,1
1.8616996053107688,-3.863416633746875,-1
-0.9248570708017032,-0.7920768884823205,1
4.430222979213361,-1.3283503536940808,-1
0.23556111388065784,-0.15977533556861892,1
3.1326141974909065,3.0230090320459375,-1
0.39600403671954026,-0.5368957303855642,1
-3.6962542794390227,-2.4641969937454977,-1
0.10152045726119806,2.0983739974825104,1
2.3957375552869995,-2.9446258457108074,-1
0.3423086724242835,-1.3467116762437283,1
3.6016558553183526,-0.22687989958112345,-1
-1.0098492545935085,-0.6214118386629498,1
-4.153957671941588,2.3004378966623142,-1
0.9654847949655718,-0.9393947067091829,1
4.103929434606961,-0.7306305226356173,-1
1.3789627592231857,-0.36496980190854394,1
-0.956484288528945,3.7318747290076453,-1
-0.38300346682938546,0.2047340502063238,1
4.455573421987618,0.33459373246664503,-1
0.8819465350953201,-2.21872877828831,1
-1.7955013200602912,-4.043088980353634,-1
-0.1263703397594858,-0.17043570479210288,1
4.92083669146972,-0.6922555463121991,-1
-1.6357100827080324,-0.31714900310651817,1
-1.052803599083157,-3.4991542459905762,-1
1.297035052543151,1.0458132828324085,1
-3.448624070981201,-1.5355405889864664,-1
0.016356391702833387,-2.3665685187600998,1
2.1709434103478995,-3.270681963572087,-1
1.660339819508704,-1.3893238389218063,1
-4.84795837050518,-0.3137584094681193,-1
-0.16724311374236323,0.016975325510161798,1
2.053877107427885,-3.6149490784663145,-1
-0.35408004049002817,-1.3290172643390097,1
-3.1851559578605384,-1.8891856049126465,-1
0.9292142949695738,-1.6366969100233653,1
-3.2682871724919162,-2.2764076838923835,-1
0.9179938564622392,1.276965947629197,1
-1.9137260487725252,3.4559748939979147,-1
1.9618323385264573,-0.03701119390546734,1
-3.7228282968123865,-0.3822562478125525,-1
-0.5307305150707005,1.624999436744644,1
1.654494498462489,-4.0253713442560715,-1
0.3567004775607976,-1.475978353374062,1
-3.2782399523417736,-2.3937570848140464,-1
-0.08772427923375563,0.7534435294473841,1
3.670759855580214,-2.8976815081072425,-1
0.15915524703719844,0.1139233508296252,1
-0.22160311133945804,-4.957691936100782,-1
-0.4854696328119991,-1.9095778131026047,1
3.3012324816933365,3.669142483791233,-1
-1.2795545228688656,0.7566070683239139,1
-4.00338156326703,-0.9704313711406136,-1
-0.04423497279282832,0.6914665467033135,1
3.6486767091668044,-0.7817569594802143,-1
0.15752070968109677,-1.4892263722122774,1
-1.681696426645036,-3.3608784577883593,-1
1.9025473108781155,-0.4239192023024593,1
-3.931269950275115,-2.297420244825586,-1
1.1274943370970179,0.3411459882138882,1
1.3883830731827047,-4.060982542713009,-1
0.8048131821985642,0.4025885318296508,1
-2.9385502136019857,3.0605883160912506,-1
0.046373320400878146,1.9794583207156322,1
-3.8112503656754178,-2.3186571422979028,-1
0.3261146882177679,-0.15744690296132605,1
-3.4854274152299203,-2.1814450283204696,-1
0.750638044268021,1.3310797705979271,1
4.208161205053614,-1.1913775943253517,-1
0.9446360630482331,-1.8958976364585696,1
2.986549558736659,-3.0729739453930667,-1
-0.452925010677729,0.4900143031586147,1
2.8446726352055003,-3.0764281958757165,-1
-1.7393790357135832,0.19439240653079448,1
1.4660676864555378,-4.371551644157925,-1
1.966954332478987,-0.2546264755434525,1
3.9466602271098425,-0.8448871875646439,-1
1.6145199557275463,-0.4809254038380135,1
4.41872619155391,-1.6554464796029527,-1
-0.4223866800551448,-0.4955594879800827,1
0.8362045843770638,3.6778549339115396,-1
-0.7013076589123973,0.4532761389380772,1
-1.607979257105951,4.27756532375564,-1
1.4901769463900387,1.7654716325803361,1
3.3646685787229837,2.9207587264333985,-1
0.588708805167717,-1.2313052715139623,1
2.9236279781098755,-2.896850461828158,-1
-0.735233052708793,1.3399681951052322,1
-3.483419135781338,1.9671054474856355,-1
1.9440436564418424,1.2272606219804463,1
0.5046106403580488,3.5588525902939736,-1
0.21634326077961175,0.14211969100067157,1
-0.5307143095191148,3.883552657644876,-1
-0.05118487757815459,-0.05778891511938943,1
4.0179189495254715,-1.0768989224546295,-1
0.07271210356376173,-1.2088953997940184,1
-2.516424767199225,-3.7181699567552227,-1
-1.7650754871105083,-1.1539640859334606,1
4.472965472159642,1.9021187057023135,-1
-1.4086370057270914,-0.1679465598325692,1
3.687728441889835,0.8072969891014408,-1
-0.055555801165247526,-0.24773306561976802,1
-4.42618410464444,-1.7059286607582793,-1
0.27414395380034073,-1.259554227243184,1
1.862550843814914,3.916107933216955,-1
0.012589903586035315,0.005443811618382175,1
3.4183197587341416,0.9548075151293036,-1
2.2282643274590925,-0.26503315484174905,1
-1.03700941868109,4.026678625874188,-1
-0.08481364890390013,-1.5546086836154434,1
-4.713966553091639,-0.2658511930935036,-1
1.3381822819333349,0.057100383954918406,1
2.5789965598558138,-3.2291772423161125,-1
0.24120322571401825,1.528111178559842,1
4.25922998401164,2.3902714239570764,-1
1.0108847465129986,0.3875191117118479,1
-3.8247928354151957,-0.10744117684094964,-1
-0.6801420140661515,1.6780534391152742,1
0.8453900514502449,-4.237097497816156,-1
0.9969738359597878,0.3325038154670883,1
1.3824843340439477,3.3590982920015886,-1
0.01463318749044941,-0.55210948018257,1
2.852587855733534,2.273394473153888,-1
-0.0671517034352105,0.48155022433256267,1
-3.1398005862094327,2.2475575652383704,-1
0.2462094229488269,1.2113467720063675,1
1.6009768403419349,-4.471684893602862,-1
0.5913988282974079,0.6325983720120085,1
-1.605730460773506,-3.5097140303442984,-1
1.7272876139998785,-0.15360908966078868,1
-4.233555566535022,-0.4365244374327415,-1
0.009274587344804167,1.4738242214956558,1
-3.013378115694015,-3.1124401704779254,-1
1.3687256888980681,-0.28045639400662,1
-0.08053619064899241,3.7796299252139924,-1
0.4596536291455193,0.42120086074777785,1
4.7986248922745585,0.3008815173353239,-1
-0.15383121779798772,-0.7287058422988293,1
-2.4647337067946373,-3.7455590057896937,-1
1.225015454613956,0.09018419031600874,1
-4.717766392526166,0.9638985831809803,-1
-0.7068962461164426,-0.39049942299586865,1
4.018470328186007,1.8184168013420487,-1
-1.7690366074385375,0.20342829322857844,1
-0.618035004325835,4.205288352787082,-1
0.006468222455175135,1.1158646840593947,1
0.8626155039419665,-3.6931515564169177,-1
-0.7586826179631095,-0.2508226554220723,1
1.3025212671270054,-3.4814145529640004,-1
-1.0425167767144479,0.05155278080711861,1
3.5644339744468945,-0.9504653107525499,-1
-1.0827337869023395,-0.8410778912888522,1
2.7112625849963594,-2.8103603486879685,-1
-0.5886643676696317,0.6716341452227023,1
2.717744937062673,-3.524758624607139,-1
-1.5783159237241065,-1.5050494770773863,1
-4.178991347624971,1.1054821578280778,-1
1.8456217701589939,0.13963082667469187,1
-2.550213512417483,-3.32275970934041,-1
0.5900267070680038,-0.5277444471464133,1
-1.6616787462059597,3.374087367372713,-1
0.9294058890724493,-1.7285771229992208,1
2.297127427838746,-3.3600674036187335,-1
-1.3698756725493038,0.06996853612209614,1
-2.4404957753035297,3.7393275126517547,-1
0.4117366628934802,0.07495719497267042,1
4.023425149085147,-1.0518263406876058,-1
-0.6811453500023844,-0.5335314889572234,1
0.4716237284712099,-3.9244025177119086,-1
0.715853638631974,-0.31966761268448374,1
-2.6179075535659546,-2.837992212655749,-1
1.52782493931613,-0.5939229362814884,1
3.6158776718836423,3.0271240767553826,-1
-0.946337047356897,-0.08123659619064434,1
-3.451788464781302,-2.9058891944665346,-1
1.5833572719410278,1.474186346794084,1
-4.081518685244872,-2.1093773083656973,-1
-0.8472394476169535,-0.36257500256224395,1
-0.26353886089090245,-4.6832579515372075,-1
-0.03598116794873283,-2.092495776203686,1
-4.342142161145839,1.9636758577842597,-1
0.017140693664268167,1.769068122729512,1
-4.410570674629325,-0.7678782891488358,-1
-1.3831019641045461,-1.4360162529849076,1
-0.6076519517252433,4.224863870782425,-1
-0.5495865241155343,-0.9246915766736599,1
-3.8915246269281445,1.6846507704808922,-1
-0.23490028271145247,-0.5108218900376621,1
-3.418462706403757,-1.2275897882996274,-1
0.015772844004478443,-1.475898980810132,1
2.1835884317430256,-3.0889983186355066,-1
-1.7164453637710988,-0.27467154467218774,1
4.807685563629494,0.03375804245872321,-1
-2.3108870075687005,0.11689255650834923,1
1.370273733836153,-3.7765957640713848,-1
0.1357882475465502,1.1503935352511045,1
4.429038859305788,-1.5052273318468838,-1
0.8463331916127372,1.2936981994766055,1
-4.423282264821278,-0.5089219948353055,-1
-1.8459134339346985,-0.16546097848644042,1
-3.735284535900833,1.4803294068164716,-1
-0.6059367529132942,-0.18959703075126272,1
3.4309663640150134,2.540348132173781,-1
0.3890159070734343,0.27638214581675374,1
1.1428443872198875,3.7001200035341957,-1
-0.7772162211279517,-0.24714386716084916,1
1.7622497630601708,3.339778812673929,-1
-0.9273824925096842,1.0202826420724112,1
-4.65833609018279,-1.1052318731773334,-1
0.5064691784877092,-1.8261607712481494,1
-2.3593776343209036,3.495453038506452,-1
-0.3076853984411235,0.07705597448459023,1
-0.30931670914406906,3.81732727760293,-1
1.3112569933903218,-0.05568321261106715,1
3.978752276915134,-1.857195955152188,-1
0.7319750377020886,1.1903246891442572,1
3.926482803579187,-0.11943449515302362,-1
-0.6231106993742708,-0.1258626405086216,1
-0.6319742054802939,-4.073813070186716,-1
-0.49143342679435764,-0.05178362947417185,1
-2.784694794374194,3.042059343222848,-1
-0.48843077296923715,0.8960112815269295,1
-4.381648986331115,-0.9778422138497562,-1
0.29854311365642694,2.2542844909545865,1
3.0472888543573866,-2.250182608142065,-1
-0.4086921888584908,1.9141758500450576,1
-4.798640391366276,0.6799255692107976,-1
-0.31484101611218057,-0.07078529074211085,1
3.523204203064429,3.1364500286237806,-1
-0.9032346025294044,-0.10502110453385557,1
-4.078560075144947,-0.29042613266614076,-1
0.03642595723345673,0.9207785639616332,1
4.515730506596657,-0.3783451587011847,-1
-0.9546715133120397,-1.4153216904839454,1
1.2057040589202994,-4.523220438935702,-1
0.0880387979409223,0.3139880002855585,1
3.9390387699693576,-1.6561311564931909,-1
0.6322059641618357,-0.28386783102504265,1
-2.7975143066549872,3.4012932740990363,-1
0.35816555578372844,-0.7782234188822204,1
-0.8714494638270243,4.681988513132916,-1
1.61785029597078,-0.3789551921876448,1
-4.318375505724215,0.43755611834131447,-1
0.14550087883784407,-1.5874175421011407,1
2.062256145663979,3.1627621805025976,-1
-1.598470616177281,0.47135090518486333,1
2.81445855217927,-2.854823752328682,-1
1.535032074441136,1.7173492562913877,1
4.609746321777355,0.25693080086541975,-1
-2.1958732607921077,0.38824323389456034,1
4.305586699396467,0.7098334659768076,-1
0.3474768802478914,-1.4165133549920885,1
-0.6348745940612055,4.9105720739597665,-1
1.539719140172491,0.5896612831776733,1
0.9651210321705902,-4.483236897315306,-1
-0.09754635708553416,-0.67140429922752,1
-3.807088117347892,-1.7926558695541748,-1
0.005163818165452158,-0.6689678499420171,1
-0.49015558882931554,-3.9378631411027647,-1
2.042096294710452,-0.08687648280276825,1
-3.605117802090212,1.672171117365571,-1
-0.01896660150329218,1.0203871564870202,1
1.7819229358926327,-4.0859463223936725,-1
1.3133963732937612,0.9489167862513691,1
-1.7051897105755036,-3.7364249534979432,-1
-0.716640218637224,-0.6697581869326962,1
-3.2739329352513007,-2.3862892902113253,-1
1.7351328366052226,0.07331446535006578,1
0.9766993691288663,4.087696458528776,-1
-1.5034014636971322,-0.7233783213578006,1
1.7443078436293664,3.8787895023808248,-1
-1.8843348591404212,-0.9533826098971634,1
3.2859927777189526,2.2706207624497354,-1
-1.248576899607959,-0.871982630205417,1
4.240231709590244,1.3443735784740205,-1
0.04527869956474368,-1.0386650124356256,1
-1.021003165792962,4.644439285868638,-1
0.1993800426241799,-2.1006259161502756,1
1.8073621686568884,3.864682335010495,-1
1.314083461670111,-0.24812371065501523,1
-2.8000906646908392,3.428014575350285,-1
0.4124151747159693,1.2339139496591707,1
-3.1686061752073345,-1.7337877883648631,-1
0.01240078179223118,-0.48862358020687763,1
-3.5073471169172104,-0.9031402333212825,-1
1.4402637589386198,0.661184909999011,1
-0.8509305030246372,-4.286860093990952,-1
0.0155914643509539,-1.4638289741145198,1
4.76126833000194,-1.0752785247526397,-1
-0.3366021056147324,-1.2404087028480095,1
2.6904448463559367,3.9759861646820425,-1
0.6046523807304468,1.4195244733380372,1
-4.4802283101221,2.0092441547440245,-1
-1.4575256492293438,0.8455423100015159,1
4.117159640260619,-2.095091198285081,-1
-0.038448397982747115,0.9955474690067599,1
-3.7270460165223382,2.7897332428603243,-1
1.507585010185344,-0.13437463424561996,1
-3.16284616362933,3.0174205455637866,-1
-0.8084921058482172,-0.3995816258220133,1
-3.6425887786375424,1.1721671915268383,-1
0.1976947592345216,1.9405695078203644,1
3.0083926883384997,2.6772874108026756,-1
0.16243922403387998,-0.42063438689632915,1
-4.000041719612474,2.2916866951783597,-1
-0.04866161647982103,0.3005928251201102,1
1.9849853432837552,-3.721466138265114,-1
2.1909086932411332,-0.036503545381825334,1
-4.009627457109999,-1.5140030101669735,-1
0.5854801087354718,-1.5880251248600565,1
-2.1609795908161646,-3.915793131561333,-1
0.8254346269659554,0.4338021227120027,1
-1.7743795579210275,4.314719724797374,-1
-0.19388791141840495,-0.192024764785971,1
-3.7797075579880457,-1.4181766321481177,-1
-2.0178411303466097,-0.2138182772013147,1
-2.9202092158770183,-2.935283780469852,-1
-0.7305370188433191,0.3748308833482094,1
-4.802899418736428,-0.2679327688248898,-1
-0.4169348092924685,-0.6718500351192057,1
-3.476288983204524,2.4272995078013815,-1
-0.25036217471653177,-0.4149826074893339,1
0.17860821348362696,-4.092138431189611,-1
1.896107723517059,1.4293821495495802,1
2.6105610099185963,-3.007223411470891,-1
-0.27816242566229643,-1.8622116455185713,1
3.511292331512895,-1.9628662547334448,-1
-0.0580836312718192,1.3897824713719757,1
0.477537185693375,4.15855880150623,-1
0.3005758374009995,0.2735925975493301,1
-3.7037792047504934,-2.663477012578499,-1
0.26963423966155026,0.16340973104971915,1
-2.962984068905449,-2.383041394154159,-1
0.7480920614899556,-0.49059294151512156,1
-3.472489208564477,-1.8927518886079453,-1
0.14324278087699613,-1.23951098094652,1
2.9008496592901802,2.908234551304429,-1
-2.1118076284024623,0.1861970459863011,1
-1.179999213583457,3.8294921400788593,-1
0.1666030597515553,0.29272868005570907,1
3.643297100688831,0.3132489914806283,-1
0.34472024918780464,0.5056397842315702,1
2.3876930023287195,-2.9403045125398086,-1
-0.061709352742429134,2.3098140274227315,1
-1.5730847644789625,-3.6152902219856293,-1
2.348579176335988,0.34570872078975473,1
-3.384929320308687,3.138899545229071,-1
1.1649071694929578,-0.4797844643655896,1
-3.7954686077906374,-0.17288954724366357,-1
-0.9930094949804967,0.11370054418080032,1
4.121016811955625,-0.929530075623997,-1
0.12080612952909192,0.4576553090817338,1
3.8548168418331787,-2.1208654375867773,-1
1.2359434511576557,-0.1611376123641172,1
-3.45479082546312,-2.5665669866215732,-1
0.6043296637779539,-0.6645322299495441,1
-4.620363172481921,-1.3017957592074043,-1
-0.13154568176802034,-2.389467690730706,1
-0.6265808729217339,-3.982479655629579,-1
-0.9458141580816738,-0.31231733558837005,1
-2.1216844125002368,-3.0462208034933718,-1
-0.19402392503393062,0.7407511065568038,1
-4.192292389616748,0.08586182394355205,-1
-0.29963968930115126,-0.30896353296464124,1
-3.7349873276778953,-0.42467778101230796,-1
1.189907798171962,-0.10016866742468318,1
0.18932706046278203,-4.69105058072672,-1
0.4777160560562948,0.16529436455074906,1
2.044702295953789,3.3175604734226742,-1
0.48267217106766525,-0.27494708886087793,1
-3.6728850054694533,0.4300376291955705,-1
-0.5668170656989854,-1.0819256769560568,1
1.83811396091843,3.635668016413612,-1
-1.2943727098090607,0.25979780923291634,1
-3.61792376277151,-1.5876227781561452,-1
-0.8353425092312807,1.3316299329340504,1
-2.908069897239943,2.798608898347088,-1
-0.6620908321772551,0.4850126242369726,1
-3.198416280839915,-2.7914292145809303,-1
-0.052683566479155855,2.0584900788675706,1
2.5779184544937572,3.28037230556956,-1
1.75897345900046,-0.6750365501944784,1
0.9677211968042546,4.473698009868774,-1
1.432286541669839,0.6149693655553354,1
-2.3989129899585606,-3.324902415995378,-1
0.93989137529204,-0.36954891659720085,1
3.020330153436996,2.9861855682126133,-1
0.2680243809083645,1.2517264543387365,1
3.1439620627245413,2.1368197242241083,-1
-1.1303384754030772,1.5344277016775225,1
0.32538669937906334,4.945241929747916,-1
-0.005759709467915482,0.8107996501449615,1
-2.6248471992171156,3.45219841970582,-1
0.021450395888147778,1.1225350679687882,1
1.0575299069947293,-4.749658028005398,-1
-0.021179470321119342,0.005033632329750451,1
-0.5951256814706091,4.01253597083726,-1
1.037569486547673,-1.2086460029105812,1
-4.176855877681266,-1.001503158363334,-1
0.01860009761020032,0.6677901274741221,1
1.4996658029496441,3.26084235338317,-1
0.38002417233498054,0.9224924973606616,1
-3.5460604453061264,3.267266358695514,-1
-1.4905895682297838,-1.0809134322651104,1
1.2645932091737988,-3.6760500227972526,-1
0.3048052892848441,-0.2686360826076622,1
3.7876991550405785,-2.693491691025301,-1
0.16204599895392116,-2.2457026775785955,1
0.009188268591119856,3.772541122087438,-1
-1.1924396304114337,0.5426361817135081,1
4.717659464750909,0.9692965892862139,-1
-0.44590793210757645,-1.9820268827659444,1
-2.578991898626722,2.770144095296285,-1
-0.7698379338216289,0.9357021628319604,1
3.7263980021535126,-0.14737044569680266,-1
0.3387552198127019,0.0037939198834643544,1
-2.1930161017711596,-3.307068232339419,-1
1.6158173268243325,-0.34098530959056483,1
1.2800057802860056,4.706509959601675,-1
-0.18823948575317015,2.320131815542309,1
4.483869346870865,-1.4965935873717637,-1
-1.3952774808535067,-1.276364616325513,1
-4.617858144264575,1.1452461076934373,-1
0.5679382785934581,-1.6097993573492317,1
-0.9779805200865611,-4.517747381670881,-1
0.2312250916953743,-2.311813552461956,1
-3.9461842456539302,2.724026527340742,-1
-1.1261345834639147,1.5086131008080266,1
3.0971512946511353,2.4324094754579053,-1
-0.8701302680291185,-1.6051031776217775,1
-4.698775914733115,-0.2318798178906387,-1
-0.3276030098400712,-0.5885805071078599,1
-3.6628989046367373,2.3413561687070206,-1
0.10557882144115978,0.8410115499627371,1
-2.303378376740735,4.00225106180998,-1
0.5462279030282595,-0.12842725496669072,1
0.4123028191100821,4.516892792549849,-1
0.6421529085277977,0.32593033703130153,1
3.8629741985672412,-2.0421700250759525,-1
0.2457561621729576,0.8315903331871293,1
2.0359891732549076,4.233999869234176,-1
-0.5066729590244367,-0.8366456425545133,1
-4.772050943490226,-0.5416638835402049,-1
-0.9786433060513405,-0.24316683813175255,1
4.111597306909016,0.31680109192408296,-1
1.7301027153310036,0.7100462119247876,1
-0.5399800697474396,-3.721482380613234,-1
-1.414485266317097,-0.3682207406845292,1
-2.8620658447675327,2.454821736006562,-1
-1.0766800789021616,-1.7852988329464663,1
1.920091800417786,-3.6566954338107456,-1
1.1048964827628112,-0.7551024080411305,1
-4.011481101999167,-1.085987343575598,-1
0.1634244308320752,1.9485020164667417,1
-4.244128550435703,-0.9577318518088016,-1
-0.008609809237980935,1.5963198612788212,1
-2.9031881373588186,2.7303162643595633,-1
-0.5769046198613875,-0.06748319132835728,1
-0.40008575223684456,-4.50605947691068,-1
2.281592421983104,-0.04922149690659114,1
-3.492604659923705,-1.8769957730519327,-1
1.8933041627777532,-0.2224073919181752,1
2.6557710571387116,2.4274071764158784,-1
-0.24991773135563594,-0.023137708060945863,1
-3.709773405904612,-1.3588979765377447,-1
0.028080219392974694,-0.09821507009181922,1
-2.8411872147835115,2.725507504014607,-1
-0.11221406061481141,0.7773282561973583,1
-3.666646361010594,-2.493533219081171,-1
1.2707322475021252,-1.7667982071574593,1
2.3640886689205467,4.267041650504337,-1
-0.5844619913547487,2.382032122253654,1
-3.595241121150137,-2.9200026911284085,-1
-1.1019748446291324,-0.13242936828552507,1
4.533027762690066,1.978164251178125,-1
1.2044652279311796,-1.401525990219071,1
-1.3092792172984224,-4.03316888181583,-1
-0.1440740768070083,2.359823235854103,1
3.65991729752048,-1.0261270215492297,-1
0.08084654421035127,-1.0602628428241105,1
-4.811430307626495,-0.6415251626139105,-1
-1.3197660830923004,-0.07357621228594752,1
-0.45595192743960594,-4.8404686887804695,-1
0.05410234845998542,0.23289150398811176,1
4.187468760026655,0.024053368025943767,-1
0.2237478534698502,1.5860944574420146,1
2.96605767827546,-2.716485245936423,-1
0.9809209023263121,-1.623315100205254,1
0.11428081157502082,-3.55183197543348,-1
1.0145973454817818,-0.18837528684231697,1
2.5940301721722907,-3.2922699004253007,-1
0.4702621823715721,-0.7997813310315287,1
-3.6747050178088854,0.9820144759012815,-1
-1.4087172848843574,0.29373003921720026,1
4.29706709419896,-0.9142858727944556,-1
-0.07251171858390386,-1.2628830362170662,1
-1.6816282971071495,4.079456148415335,-1
0.5990395038124655,-0.1846473669213537,1
-1.09289593121516,-4.731885333937379,-1
1.4559469676721843,0.4932579299682989,1
-3.032447948721611,-3.243982335439077,-1
-0.5691374525332917,0.564007178028811,1
-2.0992710353594393,3.2043875486284215,-1
0.35303883860117236,1.3827096305057829,1
3.413179190414124,1.1109379731407893,-1
0.3156384179407014,0.9088883133447087,1
-3.395033542134994,2.9030194651052073,-1
-0.6382991591110773,0.45856636780368737,1
3.3789647169010357,-2.7202488017093067,-1
-0.06734469823560398,-0.11059649864022661,1
2.8928449556903,3.674148669394002,-1
-0.5060879596827571,1.8325303315770474,1
-4.0658096087847095,-2.0055397403220527,-1
-0.4876854661497727,2.118774324178553,1
3.417653421807681,-1.634232443040278,-1
-0.1710493657592951,-0.5478574993959869,1
-0.898247826872965,-4.06053233212014,-1
-0.19407783497831302,-0.45510531006418836,1
2.601771294486424,-4.010632537034505,-1
-0.5089012415031008,0.689508552553038,1
-0.9150717632972875,4.655494998507227,-1
-1.9107764761530979,-0.15081613294898785,1
4.422238676666757,-2.1137931480357928,-1
-0.10503386919190741,0.3498737207638843,1
-3.3303093842071414,2.91958734744639,-1
-1.9901981381547058,0.7583854392589516,1
-3.467601552157104,2.263275675257939,-1
-0.06634268993554844,-1.6220925166746312,1
2.6474798821043164,-3.7422597609698784,-1
-1.8147734067152455,0.5583843186328613,1
-1.6536641452775804,-3.8399023312930614,-1
-0.2363176723630802,-0.08004620846923277,1
-4.222088063740129,1.5479157757547801,-1
1.2850291931611997,-0.059585965872443365,1
-1.9972951753688535,-4.139428473299525,-1
-0.5316468080254039,-0.23582681531066294,1
0.4715507424927834,-4.239733196701746,-1
1.4815098171666699,0.012750969918284007,1
-1.5627364816761806,3.353308122708142,-1
-0.3513004840501124,-0.6659866982789349,1
-4.413700986835233,1.539716576199718,-1
0.9034359344679138,-1.0512541006844538,1
-0.7424905792546644,-4.716369534187039,-1
2.2876777930943697,0.13349048209967487,1
-1.4887145864305105,-3.8026567380874003,-1
-2.1768718558206204,0.021479032794382253,1
-0.06705846248450113,4.594609980479118,-1
0.17184783405183338,-0.14382736962485035,1
2.382588633488689,3.296531739028678,-1
1.202035488473946,0.13492873686745074,1
4.6876264414325535,0.9995249769631379,-1
0.3346849890398573,-1.7488115892438245,1
3.6575563112414056,2.4066591493122034,-1
-0.744142775945081,-0.952714674404708,1
-3.7448917951672986,-1.3635728487827479,-1
2.1880097194629133,0.11240552637058286,1
-2.0696223505602775,4.118916928295017,-1
0.04116888377220448,-0.2982883282685602,1
0.2842229611275797,3.7789543402480037,-1
-1.0873482295988526,-0.6831740770244175,1
-1.5616820803636413,-3.9641142922205126,-1
-1.499406105066462,1.5742565729648093,1
1.0373318159345226,4.056756692295543,-1
-0.14334650098172932,-1.1975905423556477,1
-2.4690762162062936,3.488413034658551,-1
-0.44619234651090084,0.766033524262671,1
-3.8001690723217854,-2.9028239945868424,-1
-0.4047123679345704,-0.30477529699999567,1
-3.0905531548659577,2.5989138654746444,-1
-0.37696003657381455,-2.16512809992453,1
1.931402933490714,4.299351998843279,-1
0.413541152990138,0.2779835395434336,1
3.9538305189635383,2.1224415114904067,-1
0.9777206256989442,-0.9240679617226079,1
0.36670689336137396,-4.8987475370365425,-1
0.026419231382520066,-0.09067725048693033,1
-0.3550492085686764,-4.557637447476276,-1
1.8430112103938299,-1.4159869200431456,1
-3.499315426954549,-1.592387257089645,-1
-1.0803040812489761,0.378616693784642,1
2.438665731164608,3.387504480541088,-1
-0.05081792743780638,0.16687410039585543,1
1.5214791395262492,3.890701774460503,-1
1.7229595310543426,0.2656831374755799,1
1.8656193452381775,-3.4579490083279403,-1
0.3163870386960838,-1.9999439188374402,1
-3.607103652346419,-1.3658334844727347,-1
0.0024780980979792503,-2.413217620261821,1
-4.051469012028182,-1.8932043352462449,-1
-1.2308199600263285,0.06041437177215326,1
-3.1835062612587124,2.442196969287959,-1
-1.922018544332265,-0.44061221719704813,1
2.0002914714370017,-3.3906452906360225,-1
-0.07005802616943646,2.3669687809543474,1
2.8789998865789785,2.2927585921016327,-1
-1.9660449565428484,-0.16976215141982082,1
-3.5462801987023345,-1.6710989638397216,-1
0.07892680123679416,-0.25657776677134,1
-0.16419794709275012,3.5968525255469626,-1
0.18225619773317056,0.3995127824163352,1
-2.225085588686321,3.4308101893019867,-1
0.06613408742707154,-0.9845200221212761,1
-0.630791239859489,-4.025116281476392,-1
1.336960584257581,0.001519130564465573,1
-3.4674465144798616,-0.7859073892732324,-1
-0.8351611265086708,-0.29143357889363813,1
-2.788572748587392,2.7845294717484204,-1
1.6971095074711804,0.10939259514368706,1
2.3227365716640946,-3.474621762660428,-1
-1.9221397312006978,-0.4973594362896099,1
-2.7727339354508316,-3.080357728891193,-1
-0.42452208153167487,0.8518210392919766,1
-0.52469636723452,-4.49852123144675,-1
-2.235327002454614,0.08634021754100059,1
0.7436358091806835,-3.8087847763928595,-1
1.784079451660199,-0.8192266776818194,1
-1.9435295403784085,4.3658260098725465,-1
-2.031273086185368,-0.08549926858667001,1
-3.242149671227362,2.698661721268184,-1
0.022254560886562406,1.397852973216866,1
-3.451775754374537,-2.797135283344703,-1
0.25610332029170296,-2.174139418313567,1
2.8868113149831824,3.226865635378213,-1
1.1366793761877665,-1.5836753555091188,1
-1.5318853153954013,4.413543922641065,-1
1.6723024731900764,-0.5295069386527382,1
-0.51088441897489,-4.235705311532752,-1
0.17725517036038496,-0.6664299566288668,1
-4.239479404978125,0.6973029723800229,-1
-0.8988277602557837,-1.6146850198644325,1
3.8646475542617513,2.209760688069915,-1
-1.0485975872903597,1.5649135786780415,1
-3.884147369710316,2.417485419801901,-1
-0.5286342884625419,-1.4835802071509931,1
3.802221806024179,-0.1506643235005361,-1
0.2355658677714893,0.7363608051579253,1
-4.01071388079364,2.2358722713517527,-1
0.7717514401685592,-1.1990601970950694,1
-1.3041880746417691,-4.552936862654267,-1
0.04621338155485215,-2.0592733423076806,1
-2.345158623219381,3.869424692904761,-1
-2.2529354421822085,0.3763929796460716,1
-4.3765962362477415,0.25866091212029263,-1
0.8308778293312645,0.9606934840690367,1
0.7771195473970285,-3.8710110671084417,-1
1.4844811054183777,-0.9227535458608299,1
3.5443072511241445,1.1114899234902198,-1
0.608226794088931,-0.43988253396450383,1
2.2735349970946186,-3.295931796224257,-1
0.4265337321955038,0.4271420236748442,1
4.236671970139592,0.25644876542163736,-1
1.2193407394091158,0.1638617013340844,1
-4.719854657030088,0.6893648244558809,-1
0.7027701797595778,0.1733055368660049,1
-2.3267962008291043,3.7682789887625256,-1
0.19374355481850838,0.39302982158161254,1
0.456937481051497,-3.5873149175139822,-1
-0.9070985724577184,-0.03114988713502529,1
1.1132158298228627,-3.9552437602874813,-1
-2.2089638221719916,-0.7565331793397638,1
1.6680745173144744,3.419374800679956,-1
-0.6866370142222918,0.9352358472650524,1
-0.4599522394428847,4.819938202839812,-1
0.570294135764659,0.01980176073472452,1
3.776547215536874,1.324947215289375,-1
0.6076262575251431,1.4025948833038862,1
4.131536578887449,2.074074668225049,-1
0.7058835718638184,-0.6848128782900169,1
-3.818310704988628,-0.8562155384454138,-1
0.6293368445847788,0.014277392406654174,1
-3.5687008258860926,2.4754801254556673,-1
-0.5278682160967699,-1.6073954209914647,1
-3.6760244921898533,0.46712258944218915,-1
-1.3573730240436448,0.7793782201843051,1
-4.593483884654132,1.3118321962183783,-1
-0.7117851294776449,0.3666780857604582,1
3.342025991907012,1.4223899055584284,-1
0.16694149045101697,-0.05310704893836309,1
0.07197237574566047,-4.6766716505545025,-1
-0.6623886240708448,-0.6556270273131422,1
0.44110147704843966,-4.029757907042964,-1
0.9993874197752529,0.249297289024,1
2.8296167275135216,2.1872335513254884,-1
0.020062493304780687,-0.21258494312542045,1
-3.050179200934839,1.94136971566561,-1
-0.47324709593826975,2.192065429721691,1
0.26701037024966834,-4.562136539605459,-1
2.3040626809370166,-0.344231838292517,1
4.796117668054605,0.6634627873834822,-1
-1.9965707140000508,0.46341211750427835,1
-2.5419178973491805,-3.420845142615509,-1
-0.6280525952247167,-0.6859429206339633,1
-0.9822935130561595,-4.300164068035051,-1
0.7547319409857484,1.4228487948151793,1
-0.5953075038558201,3.9891571197455606,-1
-0.46024351431438765,-0.345226281100506,1
-1.7288320162636681,4.19241069753198,-1
-0.771424479927466,-0.12195722621156865,1
-0.5942132627899157,-4.093985574632511,-1
1.5215925238440213,0.03982774002587439,1
-3.248015523694507,-1.8051145844222518,-1
0.2709373944652924,2.434836555770233,1
-3.9003015005588946,-1.6466631779779457,-1
0.321703251120276,-0.6426440435815711,1
-2.608568850402073,3.338604128193318,-1
0.029033698222040934,-0.7080538659876752,1
2.916480885083239,-2.8721602061948404,-1
-0.287773528004874,1.2236825633332526,1
-1.343853257411583,4.065202763478193,-1
-0.09014957650028455,-2.407200900652369,1
3.7446413889830605,-0.904732707881659,-1
0.5577254684665925,1.8775812129219425,1
2.1780483762270304,-3.4284926193749965,-1
0.5389876015291829,0.5089058090788459,1
-2.516608298741771,3.5104868331402517,-1
-0.0513549066443174,0.9293505601360283,1
3.3001324010591393,-2.988976640180868,-1
-0.316631210137175,0.37754256245547696,1
-3.7396131055272552,-3.099463784569116,-1
1.0113874262824265,0.9440991265569559,1
-3.2627882613039096,-2.3650163396791544,-1
-2.243340613896492,-0.7503066547386165,1
-2.240795622269664,2.9761728159941634,-1
-0.041309733954973976,1.9864614848661646,1
3.9018694707985144,2.4246663288812402,-1
0.4525747736990297,0.496364832330731,1
-2.9492514613026852,-1.8919655931687704,-1
-1.8759928094851233,-0.29623834844236885,1
-0.722207931920206,-4.3328863750236914,-1
-0.8207195810320977,-1.2552655325321336,1
1.3577950741382299,4.143250705193445,-1
0.01955191911760664,1.2680654082119385,1
4.235852377600074,-1.8968045899555597,-1
-0.19429949682430545,-0.5351596373285078,1
-3.6052468502139354,-0.7560480676429143,-1
-0.5795168042976733,-1.5653079501920582,1
-2.412815655975443,-3.723688737748997,-1
0.43791401746685277,-0.18063713623426045,1
-3.014017180570662,2.490972146123126,-1
-0.08071411669971837,-2.114672623825155,1
-4.677214970366988,-0.09114549624798435,-1
-1.327881102119964,1.0981076185782308,1
1.158567375682668,-4.176700626870821,-1
0.48511519931295743,-0.984026793231109,1
4.318016818738775,-1.784656699575059,-1
-0.028828773426546654,0.25731037171139837,1
4.034775049958445,-0.1856778952082062,-1
-0.8186635948544458,0.6412540622273408,1
-0.4748491186861141,-3.6668598041230394,-1
-1.7186422905996865,0.1329981168964425,1
-4.032916531637738,2.2823642178636216,-1
-0.7691934844046966,0.467409876048567,1
-4.074474999390426,-2.4576858939561315,-1
-0.4193064953169791,-0.8739287372504669,1
-0.22973105572909636,4.985125857312077,-1
-0.7986027699731674,0.5068128475651678,1
4.38879786852186,1.7670543989707093,-1
-1.5848848510816063,-0.20735254376260268,1
0.6991500120741779,4.3159392597679584,-1
-0.8547543595387881,-0.9931736863356988,1
-2.9680645584045244,-3.277468573428892,-1
1.469277942796403,-1.2499932561813785,1
-4.051717908124116,1.2328511017385766,-1
0.9987895577496172,1.1339880896733023,1
3.434034710699224,2.908188942465449,-1
-1.0139635730311718,0.06312844224406074,1
-2.228672760156889,-3.15352240919718,-1
-0.6468074522608125,-1.5504910499846591,1
4.328355680337831,0.3250708805564462,-1
-0.30008377776637857,-0.8518534278297316,1
-4.712842856369055,0.7606605423074584,-1
-0.572828722536683,-0.9390403212844963,1
-2.6488318826691684,3.0703105369637687,-1
-0.3441001372067939,-1.4475797560933523,1
-3.9030431483272396,1.3714706276336412,-1
-0.09958114653731015,-0.4885967015197834,1
2.7991691862827017,-2.12131100441494,-1
-1.2022412005060157,0.04044285580264534,1
2.7944650179470107,-2.5677350695386094,-1
0.8394836352710285,1.1472388436562366,1
1.743897616552049,-4.4455184216654295,-1
-0.3434471094089681,-1.0475523895627044,1
0.1571339903277888,-3.959768783506076,-1
0.06836292610139001,0.16044518057285814,1
1.336837089457449,3.641681372679842,-1
2.212379973416457,-0.043948377843567366,1
2.818373983698393,-2.4448897156167915,-1
-0.09342102013486714,2.0248904973111257,1
1.8002779041903376,3.34243757711396,-1
-1.2722520765370668,-0.1365980410940668,1
4.793897497105992,1.1751832056499127,-1
-1.6313503229456146,-1.4856625083827024,1
-1.63985929399406,-4.456192530585599,-1
0.023429317219522378,-2.19030096642818,1
4.727578965964088,0.911032949666546,-1
-1.0991201439149914,-0.41126976975029994,1
0.2595130967674464,3.691481768818553,-1
-0.11793638859824679,-0.42286510798595633,1
3.3513104770352875,-2.0302293859605665,-1
-0.8597746531451613,-0.8064146340376335,1
2.3244233183001772,-3.2979597807936205,-1
0.22508941627808982,-0.6302246402697218,1
1.884231922651644,-3.57899570310582,-1
2.4140495636334602,-0.03475402363101857,1
0.12809301066426718,4.69967910160029,-1
0.2630207031553374,0.12250556454544081,1
1.0511108001911904,3.381686748288874,-1
0.019646209871899245,-1.3563203810913145,1
2.803608628948133,3.553787971819258,-1
0.14149363354270614,-0.9510063273155606,1
4.315752722785815,-1.6064494455912528,-1
0.21667071738241644,-1.2588111590224624,1
0.19664825731926747,3.741454515773752,-1
2.0184471952765297,-0.7553749100488834,1
1.7500170231177823,4.14828003260378,-1
-0.7672611565514538,-1.2561043699998045,1
1.977213694735796,4.044831901985888,-1
-1.2392663826692876,0.7440953766704186,1
-3.956169883478647,-2.4675455529168087,-1
0.3118127738153692,-1.1508558106799138,1
2.544252832156078,3.69662599660866,-1
1.3459587239879758,0.5848231246534439,1
-0.28639248904908726,4.100992837538174,-1
1.4818796007706712,0.5565799380646721,1
-1.9632241874288106,4.34236641418061,-1
-0.6748902251183628,0.8993130411434965,1
0.29126826441837456,-3.99000600433641,-1
1.7433755253452419,0.0004773859462631644,1
-3.93189357683929,-0.9896248912559957,-1
-0.42768799990923717,-2.2294596681367236,1
4.532844127157864,0.3915235459642012,-1
-0.0556357312702924,1.9849181752944705,1
-3.4957707153606927,1.859282158129905,-1
1.840963434838561,0.17167340717615304,1
-0.33285008961470763,3.9871449289680165,-1
0.0363854275556931,0.790567771764403,1
-3.06174551279847,2.272577435523147,-1
-1.453995250267565,-0.8823539603877917,1
3.2107821888434147,-2.2414122483402488,-1
0.44422317919300014,-0.24408213117746982,1
-2.8950227821435583,-3.092670107835555,-1
-2.0055023232136824,-1.1151079025060366,1
-0.7640027966647116,4.102354640613431,-1
1.5488913933872597,0.8039694184135778,1
2.5460211983027516,3.627210234472637,-1
-0.1376280814319433,0.2641324412384564,1
3.152328018998197,-2.664626717860542,-1
-0.4568691828238446,0.15379968666633287,1
1.5036825040407635,-3.7688850382460313,-1
1.1114462594262788,0.7912412756405591,1
-4.720043538949789,0.7134669970247186,-1
-1.8865044336476655,0.30510486499534356,1
1.6225851568405436,3.6868055391946184,-1
-0.22308176301845595,-1.6964681648608178,1
-3.900841504733576,2.1697992956269796,-1
0.5948359543258274,-0.06615952191438668,1
-0.45287438452254364,3.541573123368146,-1
-0.1882561675848839,-0.570950907935982,1
-1.8991147006227773,-4.067837551360073,-1
0.21904271203478248,-0.38591727268588083,1
0.8482752326981824,4.825833006149788,-1
-0.818549346233528,-0.4245847062948174,1
0.3876907347843158,-3.7858938329272873,-1
-0.05648067580888535,-0.11190075021381121,1
-3.486542680671479,-2.651313795433094,-1
0.13223762554991592,-1.3847238489851714,1
-3.6623684379037935,2.41950280952737,-1
0.34166102044774,-0.7252237750711591,1
-3.1097028547282006,-2.7547212336472957,-1
-0.13706438634755025,-1.6063464349751633,1
-2.3759710020868714,-3.305704332087875,-1
-0.062267011905810056,1.3451030453105493,1
-2.699590334908359,3.7572521748185457,-1
-1.4345685989503871,-1.051238648412712,1
3.289138713826869,-2.431005656572167,-1
-0.22803327916572377,-0.39482447453143243,1
-1.2508023047038097,3.4886704058063236,-1
1.040532635863434,-0.33555099271026706,1
-2.1729338799242237,-3.908159779427188,-1
-1.2658435434287825,-0.5159837404574017,1
3.2528784989295767,3.174540789241462,-1
-1.4850068887378696,0.14688943220701073,1
-0.6102415579822311,3.5209782206356657,-1
-0.8894971088486696,0.8765276107496064,1
-4.36513268980986,0.7558154803876216,-1
-0.029443760392756698,0.5356026161329519,1
3.996109407080116,-0.6679201775436105,-1
-1.5777446259763546,-0.4338237587280035,1
-2.6111690004415347,2.5427930173469857,-1
0.9963649873053455,0.056537150027115866,1
-3.901117886296122,0.5396110724283647,-1
1.289049007897772,-1.1174155159539003,1
-4.006238035241453,1.721205232815296,-1
-1.426919622221464,0.410185956470696,1
-0.7970775646012606,-4.497314589117653,-1
0.1306291736149875,-0.48133048350839835,1
3.5683686642450274,-3.292066021989445,-1
1.487210786339909,1.0036374242045811,1
3.6711425029447984,0.4756830157995766,-1
0.886399740343209,-1.0964904669220457,1
-1.4961582661090216,4.343818933780987,-1
0.8099551827235532,0.33686357047398935,1
-1.2649586644025645,4.285701413793755,-1
0.777583058232875,-0.9443444775711584,1
-3.124045545843067,2.495600263892517,-1
-0.7401950515799,0.020882135405121214,1
-3.3390589096957877,-2.522703223078959,-1
1.177356165381241,1.1636374656399866,1
4.891629113134911,0.32257169126216356,-1
-0.17040302139732724,-0.586004854534384,1
3.748097790903511,2.1725263540717297,-1
-1.716430106781174,-0.22885866488933945,1
3.803833228377761,-2.2352139096402235,-1
-0.9521913532990197,-0.020369581621651527,1
-3.964653604546271,0.8474577072011865,-1
-0.047379583024901334,0.7715786184521888,1
-1.1514904005434177,4.549001666847035,-1
-1.2567633089934591,0.04794117573598707,1
4.309921538694492,0.3193879314921383,-1
0.7933612336041311,-1.584828911351881,1
0.17252273354576464,3.859559164173263,-1
-0.5922266785306503,1.3350062579317978,1
-3.304246279992739,2.8884802770641254,-1
2.1447772784345323,0.40528738882691895,1
-4.696943971290173,-1.2503562783016686,-1
1.3661976726076868,-0.4725816488664173,1
-2.9240173785256087,-3.204652189162594,-1
0.22738144808089272,-0.4115731173681607,1
3.8581076598669224,2.5247774613387324,-1
-1.499897963456515,-0.17135405212991298,1
-4.868174216273307,-0.31429905548018466,-1
-1.949131723916929,1.4482015743944325,1
0.8004135259556889,3.663190899690469,-1
0.2987900065119428,-1.0641888953712997,1
-3.7638017059931377,1.6683530275179173,-1
1.4469103648453403,-0.5579571465750247,1
2.4042682130498054,3.0513533796376935,-1
0.5901407368850353,-1.2550273305602195,1
-4.011927230554258,-0.5878374482600441,-1
-0.1482743485339751,1.5347296844496456,1
4.661019871672294,0.19915430960322353,-1
0.45935553401217916,0.06718412608780633,1
-3.3693790022838632,-3.0490719484192574,-1
-1.9223492394082746,-0.5086925898823027,1
-3.5264090784632987,1.297429512577716,-1
0.04469539756957215,1.3422135365265069,1
0.5704789527860961,-3.56214679400925,-1
-0.6507618670750622,-0.00999234480315982,1
-1.23405995167603,4.0530878498427105,-1
-0.8562479612636862,-0.4148974874583518,1
2.8381708518807858,-3.2750639449798102,-1
-0.5618036824077647,-1.6563395041615838,1
0.051440631841350844,-4.223308161384019,-1
0.39005339583693893,-0.15114082499153894,1
-3.6690933753235413,2.695528977785005,-1
-0.5409898208251015,1.2004116178726092,1
-4.436562297393485,-1.9050826188988172,-1
-0.6172287356256346,0.18585808385904448,1
-4.35142787670558,0.23406920982676366,-1
-0.8298007628097911,-0.47591943672591464,1
-4.726424816093308,0.8898672627131453,-1
1.2056055030268746,-0.9035156276632202,1
4.143278295612242,1.3825956578250915,-1
-0.22167037797853562,-1.1008668242558874,1
1.2804682517775385,-3.8783821133664187,-1
-1.0161523661482084,0.2148993866783341,1
1.4565371945697478,3.5523381219238246,-1
0.7916303327437416,1.3816436504399523,1
3.0627886003611224,3.0851939505023953,-1
0.0011648328842451816,-2.173342489727941,1
4.96397817412484,-0.49078456942315346,-1
-0.20467024690268612,-0.0501827226363892,1
-0.9201166612434686,4.22991769574095,-1
0.2537778023070369,-0.49067415628025396,1
-3.1100928668595293,-2.624280767149479,-1
-1.7594759225624828,-0.38275705731526694,1
-4.557381825900087,1.3092097390921182,-1
1.5750312746992297,-0.10519682272304891,1
-1.082282406848461,4.450968467812297,-1
-0.40343141349814965,-0.6043631084930721,1
2.883636527240803,3.05307394379063,-1
1.1973983905905705,1.1472148679159238,1
0.3210954821219894,-4.033182614562371,-1
-1.0448267015658437,1.222112894950848,1
-3.923558862397994,1.1743677150457035,-1
-0.45662112067470473,-0.2814669738299522,1
-3.5300586409551755,0.18845095593141412,-1
-0.07151551489056757,-1.7468967011425804,1
-4.548005646994054,-0.47554724658448927,-1
-1.173545125168262,-0.2653819067890657,1
0.37994031954252666,-4.376875913014748,-1
0.2956842514877036,-0.43424115241329037,1
-0.6565385567893829,-4.196675929227169,-1
0.7817282071063285,1.7030887599767661,1
-2.8603541697699626,-3.2309612175484137,-1
-0.0724486946828767,-1.575875677932231,1
3.4927905629846827,0.3904421621085026,-1
1.8576443615948997,-0.0065868213087007695,1
-3.1070394146820144,-2.8228821055436155,-1
0.53142788030674,0.8380732144478286,1
-0.6812600886426257,-4.320159373631545,-1
1.7314887474797815,-0.3461457509210717,1
2.517930739180932,-2.533029136354045,-1
-0.06508461102139171,0.4691255401646968,1
-3.2869094343598295,3.4488674444628638,-1
1.4659131090988113,0.7924004412056852,1
-1.349214678193718,3.645510546862937,-1
-0.609224248669194,0.15379015163466056,1
-3.295518026527912,3.1671461803943046,-1
0.08050245193250112,-0.817001573413165,1
-2.16740838543745,-3.712365049481898,-1
0.09495334913645344,-0.25576573498905997,1
3.315535787549918,1.9682012309579924,-1
-1.0612275648940739,-1.5257018849368682,1
-1.0744271966091206,3.852982998090661,-1
1.0054141861721553,0.19886251821161383,1
1.5138005114227675,4.101964850857483,-1
-0.6312309835381059,1.2972530603943735,1
2.4874413278908327,3.9060138182925086,-1
2.0381870831211804,0.14119355043534498,1
3.919240726933083,-1.7637091806452043,-1
-0.1961110034704577,-2.2177857288473537,1
1.5473936077157144,-3.711742551258863,-1
0.43158023114985555,-0.8647113247491807,1
-3.692165810412013,2.171072106939404,-1
0.08411483184961238,0.8822708516402434,1
-2.0996290662047428,-3.1498563265771256,-1
-1.7794750080854638,0.30161945645051497,1
2.645353971235723,2.8838087913741046,-1
1.0807753376594864,-1.016658829957772,1
3.711667405250923,1.5434585448077405,-1
-0.6775743880023404,0.9309468376226608,1
-1.8712613608800575,-3.5070178154176435,-1
-0.4442387725537937,0.8054204130822641,1
4.205238481411604,0.5672771955735726,-1
-0.029051623814507373,-1.915633353039391,1
-0.20947297885098468,-4.183787925411059,-1
-1.504777405061579,0.12423256215369179,1
0.5987149858376911,-3.5109359103137323,-1
1.4118891161488456,0.15482043813855598,1
-3.851520593977724,1.940592692062415,-1
-1.8767184495063312,-0.0047548751243350245,1
1.9566793683229056,-4.270031192489844,-1
1.551185185896554,-1.3593844292697184,1
3.2271735477158674,-3.0622083477430344,-1
-0.3156795146483148,1.4756477924022762,1
4.357586756865444,-1.9885357105312875,-1
0.049627731459253414,0.9564833558182543,1
0.33330306108151364,-3.7170211040217365,-1
-1.9623443404585268,-0.08576645733334824,1
4.101082641682453,1.273739472226167,-1
1.65794739481688,0.963860501977579,1
-2.3608691751485136,3.8750699221949443,-1
0.7538785374775635,-0.8642822184982203,1
2.2695927483035607,-3.4155111187172817,-1
-0.9325435468150802,-0.6700123061940769,1
-4.446628836636835,-1.3531926703212473,-1
1.0226667197767132,1.5592336626832102,1
3.621813327720434,-0.8213036191693173,-1
1.195660015665562,-0.538989619926145,1
4.832860586484054,0.3079945545871965,-1
0.6154868166232521,0.5727715533678867,1
-1.427333975417662,-4.493516660247142,-1
0.024772014015953314,0.3033401805004525,1
-3.6847501794123403,1.6860244199833778,-1
0.025228275446103395,-0.8578018524443893,1
1.6923544509218424,3.369314045737785,-1
-1.1879078501320062,-0.41871786584248427,1
-1.777880794351193,4.308427855178285,-1
0.6151715048522346,-1.502295453282543,1
4.0870752327749615,1.1470297644917524,-1
0.6172455261870362,1.0127884349987613,1
3.838783510989976,-1.7991908721788388,-1
0.0225887730172933,-2.3807716167423623,1
-0.3216544716025142,-4.450027278850733,-1
-1.124652907659705,0.4897267653733008,1
3.4334802678276386,-1.490755145345418,-1
0.5996278399378826,-0.8486506697186167,1
4.760828101068594,-1.1671481651606093,-1
-0.5664298252558112,-1.353602888510694,1
3.2189216886429666,-2.1104928951217,-1
0.8015824063995926,0.09023865713266359,1
4.664041719609474,-0.6241385362597185,-1
2.1461117242235797,0.24117968073750243,1
-3.479233825690065,2.7835407172085684,-1
-0.17200868314570003,0.38059952182056955,1
3.672160496162895,-0.5064708608437475,-1
-0.47326572402290906,1.5681930101427382,1
-3.436201334649393,1.1157867312847582,-1
0.9605161093637398,0.7252925746615425,1
1.90249509582407,4.243862346774605,-1
-0.8523832265922672,-1.9091692633559807,1
4.899101301999112,-0.041680373351948574,-1
-0.47016193224783365,-0.37039042449434195,1
-2.8856017344264577,3.433075470561172,-1
-0.20362420444571291,-1.0417090244983382,1
3.237477731780799,-3.1044877243581217,-1
-0.013739170920794921,-1.5338783148890294,1
3.611870556274597,-2.051180536172467,-1
0.011821153935176184,1.7929257153746194,1
1.8872778276360522,3.9669834867674707,-1
-0.8640944392807343,-0.18035159467573014,1
0.6476904053401856,4.550208162201642,-1
-0.44743475833477925,-0.36357722248640467,1
-1.608860478896152,4.445131877964315,-1
1.616527727189282,0.018887863165087983,1
-2.938568489509735,-2.5574611052656535,-1
2.304959062930272,0.26152903506409175,1
2.4302365552900573,3.6967336886865825,-1
-0.707549874950535,0.002756809332561553,1
1.0170805906779774,-4.029371710565798,-1
-0.6645087953889529,-1.9126569862734621,1
3.9031553227219726,-1.9504491018259353,-1
-0.2624561383799707,1.2425961755711696,1
-4.269252130981254,1.315343547544091,-1
0.8738068507803443,-0.37333074355066365,1
-3.3052521579067466,-2.6714535611487276,-1
-0.6217052680973804,-0.44284076351903245,1
-2.383576963667754,3.517678799958745,-1
0.6090982158830222,-0.2428599615730945,1
3.1129262605357515,-2.361353428422825,-1
-2.0998595105899343,-0.11740746294958727,1
-3.4019592338057882,1.3557757337309677,-1
-0.25217788229034044,-2.1554300912704596,1
3.49645259666154,2.045688815153904,-1
1.4606228503116048,-0.11087373051624069,1
-2.0311758882011595,3.9491273816633177,-1
-2.0820047662129855,0.5074125386076267,1
-1.0082482295013855,4.693643112570337,-1
0.921800254047733,0.36744660642828,1
1.6954010541041071,-3.5039120476795307,-1
-1.5980890978372173,0.6476384950768662,1
1.1249347297078967,-4.046351386521774,-1
-1.1481078511431486,-0.0731422664109739,1
0.14591524816657414,4.866426051261057,-1
-1.408314151511833,0.2661521787076076,1
2.1054484077483138,3.0237645927254686,-1
-0.1326121608469545,-1.873449917350878,1
-1.8900641137996588,-4.081986891871782,-1
0.022622496230016453,1.198811517040332,1
-2.7530063950739256,2.9168342735856245,-1
-0.17216292431420016,-0.7742959849974679,1
3.5816667427721764,1.7563722372598896,-1
-0.08989057148881573,2.220922821213195,1
1.2601288103381119,4.744381707339455,-1
-2.1768938770877635,-0.34858296006931017,1
4.564512776274098,0.2800354445336849,-1
-1.6061104130669113,0.26341108137203845,1
-2.097167357578836,-4.184655004294538,-1
1.824362388294424,-0.05590535905605686,1
4.828748790424858,1.050249185924956,-1
-0.11876576250285538,-0.5648674242008584,1
-3.259203523383626,2.7199130026723815,-1
-2.03288917746102,0.6583352977233526,1
0.6623412978518943,-4.547135533231709,-1
-2.1293057713384953,0.3955227583779444,1
3.7725987801451613,-1.1412387043130496,-1
-0.42956783628532974,2.0222997195831987,1
-2.9589342318662926,-2.117189421059112,-1
1.5199328733839623,-1.1975771138493077,1
4.165311634072689,-1.3908522011624929,-1
-2.442728364151742,0.18302493544988907,1
3.621014366661273,1.4314972906970151,-1
-1.6926529454552153,-0.7691326270477762,1
3.0017996923701036,-3.4109083816115073,-1
0.0033768438045343806,-0.27094930372312087,1
-2.3233641004260774,3.3361136621872864,-1
-0.04033164927966807,-1.250037376277202,1
1.415427923425538,4.17870708813793,-1
-0.2539512159544801,0.90722769990429,1
-3.09694369860978,3.071034027159609,-1
0.01149165407336314,0.8538393175240448,1
3.7692703518005395,-1.8204587483437764,-1
-1.280908619003229,-0.579029237798989,1
-3.732275455413373,-1.3206647991715275,-1
-0.6031951706206027,0.90239121898227,1
0.551537719785751,4.904678597699581,-1
1.2267293247770295,0.5503656860768078,1
0.9947193302668519,3.855107891409996,-1
0.10381751165361904,-0.6971608558212233,1
3.4100236905422645,-2.19100534287121,-1
-0.7116232875229084,0.6695596870282248,1
0.7519907504284771,3.6816274592783604,-1
1.363552758697172,-0.09999217350709409,1
-3.079087036120525,-2.1800420701889345,-1
0.6123226195875143,0.19600299694237905,1
0.9194397940280717,-3.6130382009406756,-1
0.29856305512858167,-0.4926950065948009,1
-0.886977478571237,-3.807207728598126,-1
-1.9393172393783327,0.03280391971057975,1
1.5509889294116666,-4.4501294220400345,-1
-0.09906833613536534,-1.7255398059378697,1
-2.3490906534971043,-3.6600773294445723,-1
-1.5156935104339258,-0.1699665540217249,1
-0.6627641949516858,-4.639875459130794,-1
-1.2053505666843394,0.12073396179282148,1
3.2477150500812106,-3.4125851199504487,-1
-0.15333876357180773,-1.6815141045916289,1
3.198106375006715,-2.590072379709535,-1
0.47391801117201166,0.42922481346940267,1
-0.6785806875048073,3.8802161267027357,-1
1.393533881170552,-0.9324976605585024,1
3.373660956590454,2.4779982474113873,-1
0.17706610334051942,2.3304487767036104,1
-1.3865216898028565,3.2790256399953446,-1
-2.190942704346876,-0.31124819603731424,1
4.315643300986731,-0.9536717640296445,-1
-2.2062651491234537,-0.14788864198098273,1
-0.32647966573078463,4.105254033144134,-1
1.6444931365166888,-0.6574847996738259,1
3.778371942559439,-0.9797268134545012,-1
1.9197722766208645,-0.9978036100237382,1
4.491072893702999,-0.6005636033743107,-1
-0.004579261593531813,-0.7954361942429786,1
-4.325732875826366,1.7297500433264223,-1
1.7746443356821404,1.2450339105631059,1
-1.1299763610329805,-3.821638104934642,-1
0.5242101831225136,-1.4542229764534351,1
-3.054157926316988,-2.728221139639521,-1
-1.1226107949557207,0.6829216949577568,1
-0.409975170688522,3.8642182138635692,-1
-0.3231607644635951,1.9868291935352225,1
0.914008500858495,-4.025573267736759,-1
-1.075224645058537,0.5272638834591702,1
-0.09709159502663374,-4.073641305850135,-1
0.5661595154440078,2.00437089412036,1
3.466082349794487,2.2287450618561016,-1
0.26213927893862404,-0.419347807947157,1
-4.5914213285000836,-1.1722961400339211,-1
-0.2163210301599795,0.9055177565843374,1
0.5990960629580171,-3.616212561998919,-1
-1.409228947355962,-0.924635079902761,1
-0.28523598346442497,-4.93285649436544,-1
0.3169626060463319,-0.8705728639260639,1
-3.691035589194636,1.6067984867235467,-1
0.13980497933788438,-1.3620407327931368,1
4.659690796203031,0.5255475016253988,-1
2.1202720248483735,0.5200399951154842,1
-0.25854835399499104,-4.275841385235714,-1
1.1821234631495043,0.020971794862862957,1
-4.875746392786265,-0.6843379691125552,-1
0.21009362351564706,0.0015777730109562311,1
-3.5874627692375087,0.5131130464281145,-1
0.9640531501333375,0.5158890426203182,1
-2.8996351610013846,3.2214443295994553,-1
-0.26263941910353494,0.36265255579425254,1
-4.729290022490937,0.03943012780148248,-1
-0.2807503647431182,0.4546921920981853,1
4.1099338182170815,-1.2571101165478196,-1
-1.2517862885422892,0.1543487228617801,1
-3.4802724663745392,-2.3540154726389235,-1
-0.1268005386545253,0.15350507254132154,1
0.4917374203377996,-3.791155474500795,-1
0.02845594822056067,-0.3590124607658151,1
1.3997726684539322,-3.824563324756512,-1
0.6723915271668858,-0.23533848980754243,1
4.932506637740649,-0.563802547878051,-1
-0.55512917887261,-1.9114355980610687,1
2.3243823813495457,3.675961167895284,-1
-1.931305210660591,-0.821478845470555,1
1.566833594880446,4.169330110457993,-1
-0.08795698109517329,-1.9693398947780305,1
4.316242241372506,1.6625127237452382,-1
-0.08554472483476401,0.40278173073595147,1
3.4531946480093847,3.0645567857421705,-1
1.6862011133274784,1.473767583034825,1
-4.888936164470928,0.5076856163074824,-1
-0.08310675574268789,1.0072491583065706,1
0.994670691354213,-4.266821509733078,-1
-1.2049342426220213,0.10917124175166565,1
3.786697270144878,-2.1405297474837397,-1
1.9798710707412597,-0.35970182060424366,1
-0.9974812421804257,4.768723726838651,-1
0.12427839486222174,-0.44751537222339377,1
-1.9500973916681048,4.249140769019584,-1
1.0741351282246616,-0.2216486158104516,1
-3.423700940994886,-1.7568621162023157,-1
-0.4980565386752053,-0.6885340043425469,1
3.511127461493806,1.87054600124988,-1
-0.01837240074334025,-0.8479387380436222,1
3.4735952744611045,0.6405905524649707,-1
1.4416804683794022,0.6651833403426254,1
2.43086083463922,-3.7954169488020026,-1
1.8924879193664403,0.06452482195686557,1
-4.070139392036746,-0.7167459246605662,-1
-0.652665841917696,0.8590491546973245,1
-3.434980698904352,1.6617017421770206,-1
-0.34374386964280024,-0.2734097542247766,1
3.8613800953185087,-0.8274009802600918,-1
0.9107716175991946,0.016175515271845062,1
2.8078966551236597,3.0843030851944038,-1
-0.43072770741696736,-0.76316807179035,1
1.4707973178825897,4.397439361494584,-1
0.6407526980471097,1.323030017364211,1
1.7952033892708488,-3.9200320679556366,-1
0.010302691876969371,-0.9464304128823411,1
-1.4177184846622466,-4.637827069010758,-1
1.2910603858509355,-0.6734449165313905,1
-1.5151339608026657,-3.6767477788656255,-1
-1.311956641459157,0.6250248024776649,1
3.3603530041333207,1.5160469222579362,-1
0.6765339469272105,0.35631732948826683,1
3.049181286253589,2.4594089129359538,-1
-0.757323317937574,-1.788231965526266,1
-4.284550979986594,-1.6172111310793567,-1
-0.6521531996884501,0.1789496392396919,1
-1.784370015176912,-4.504620805075759,-1
0.8826442947286371,0.35261942222478765,1
0.3678587450318496,-4.960498862789084,-1
0.6129221317068807,0.08912655277806007,1
4.193478424058956,-0.23794707930457817,-1
-1.1501225890270232,-0.10656512873175185,1
-2.372933356074798,3.767641251302158,-1
-0.7375211595478196,1.7414871839487813,1
-2.635412088171426,-4.090620754706668,-1
0.614801858788621,-1.8069265740304783,1
-1.736588057167388,-3.2876771430242386,-1
0.8543543496195996,-0.4592060148833928,1
3.308287852817014,1.9014323709898862,-1
2.1720679807787064,0.4649283019688076,1
-2.6610314319260584,-3.075237849566981,-1
-0.0069359061129944215,-2.100593513265142,1
2.6209135141757014,-3.245416771177809,-1
1.3092402542105464,-0.10157126600642169,1
-2.470250809598506,-3.364761613613392,-1
0.14877349030061204,-0.026110081193563485,1
1.3175735252321619,4.27734397424864,-1
-0.42515875070858294,-0.10743877366134749,1
-1.5647678566852659,-4.3166118244524965,-1
-0.8372568516759564,-0.23080723294431182,1
-1.3156137279150615,-4.653099130526738,-1
0.02823672222169611,-0.5304013344987468,1
-1.3515924577593597,3.9630141751951276,-1
-0.18045398925039108,-1.0442829583595097,1
2.9432378645601824,-3.3150694331659247,-1
-0.9834749804950147,0.21575009240168747,1
3.9508868312842202,2.580423063458758,-1
0.8061859721619613,-1.709578177879673,1
-4.091183304058083,1.4834838566399013,-1
0.120159031049209,1.662382925476883,1
3.6481776819685874,-1.5146913351498847,-1
-1.9336359467020496,0.08377232789746696,1
4.440706569477951,-0.022803522391599874,-1
0.17757321701320192,-1.2491374178626606,1
-3.8361528857089184,-1.868164887907855,-1
-0.3929106458604982,1.0887965777658224,1
3.894592820012794,0.9528850411306657,-1
0.02167991961241346,-0.7538662058569802,1
-2.4504948654077183,-3.2681650009220955,-1
-0.1327726270025449,-0.717956395058823,1
0.5040146969354222,-3.8713318567330157,-1
1.3871419701759602,0.7844513793490479,1
3.5343916951660286,-2.186001196339238,-1
0.017521638654487998,-0.8735185860710033,1
-4.546495285805303,1.0343042769246094,-1
0.16608831091695914,0.458460390432004,1
1.535366338069965,-3.3669004101131836,-1
-0.33531054207161415,1.4731385824751775,1
1.6246542233569141,3.4988145666479036,-1
0.49838833336862315,-0.30816062121944593,1
4.638224383467454,-1.0683661186048126,-1
1.3828738811964425,1.1476665921270877,1
4.334299900417143,-2.092417655599086,-1
0.19577116173300183,-1.6086998662119316,1
-3.624560471793981,-1.5495566908078817,-1
-0.8173205549384355,0.3708988640021232,1
-0.436457122421799,4.376561418620244,-1
0.4556026952177546,0.4795825271879507,1
-1.9233947440684114,-3.726719084895912,-1
-0.0281775267153878,-2.1308999367378623,1
1.506100455927686,-3.5304120990787933,-1
-2.0236501261075395,0.08012293445693995,1
2.5222170431767954,-3.385534464446033,-1
0.4025157493579196,-0.8655973336193374,1
-1.633686405899119,-4.05834105720428,-1
-1.4416027873622979,-1.553500701815909,1
-2.9294374239437486,3.0533866034979287,-1
-0.36845469389179847,-0.9634448852067529,1
3.335923833806577,2.071939948761445,-1
0.03151402157209268,-1.430766619874965,1
-2.701642489338637,-3.140915972199434,-1
-0.7699621334876429,-0.8251114138490769,1
-1.5419885893790652,3.4871113944618393,-1
1.0388711035638099,-1.4889798249674229,1
-2.049301346312351,-4.024944360228418,-1
0.629977657828852,-0.37213153496957124,1
-2.2751356311271977,4.356155931732003,-1
-0.6227627349631473,0.17230421738735568,1
3.3794146621645167,1.9075998473060591,-1
0.9261724893160982,0.9779089491418319,1
4.193077759768988,-0.5932487060823284,-1
-1.778915935473867,0.1370628732579152,1
0.9506674873000591,4.168088202262804,-1
-1.8815926584952194,0.3037682989967305,1
1.7987250113487225,3.591701272706369,-1
1.2677368047589421,0.3198749952526754,1
1.6168524814430567,3.3515228146303775,-1
0.9645555982499526,0.19709918481825467,1
-2.064748406480916,3.2439400241007066,-1
0.3489983643390123,-1.2139646288405537,1
4.136319392784837,-0.4799515495167947,-1
-0.5899067238335898,0.09909065006729868,1
1.8557237949403953,-3.362775734761167,-1
0.956584332567126,-0.644477541891389,1
-4.095512062573164,-2.5134219632656567,-1
1.5209910240822528,-0.5992802485233906,1
-2.6370365893406027,-3.4125287935438546,-1
-0.7086617700402947,1.243736275726358,1
1.0601004829650027,3.4288167972983388,-1
1.1380853628739,-1.733459957688334,1
-4.265796832167333,2.5429158590138083,-1
-0.9036747861458664,0.11857978825450735,1
1.8612729922519387,-3.155573060538619,-1
-0.015444981050513028,-1.0361873433471884,1
-3.2905935997694793,2.549062175865097,-1
0.8674992153826311,-1.509135038723087,1
3.4916774843248795,-0.37973993244027177,-1
0.21989898336829342,-0.6897767025998381,1
-1.7987542744051779,-4.3128111531751285,-1
2.1949726524035427,-0.6182886179472972,1
-4.471621172687686,-0.4251025234655713,-1
1.4820470528308571,0.8019067046509973,1
-3.7634071547024974,2.6212088955579067,-1
-1.3032404443590804,1.7289180169950193,1
-2.5058499811578785,3.7849059608951596,-1
-1.482083227995835,-1.1369203390617375,1
0.37714766935302496,4.517742346424902,-1
1.8966670403906172,-1.1859468259261499,1
-3.9359127999933823,-0.08710644450222979,-1
-0.9702050878776494,0.1398603326243246,1
3.187995975965256,-3.532333580459717,-1
1.5688983536859833,-0.1261597411288657,1
-3.9576984015332752,-2.513393811342648,-1
-0.6730221568686156,-0.8915144783043275,1
-3.1415405000758687,-2.1940033893527056,-1
-1.9857178087997658,0.04304300578634892,1
-2.9593858857229596,-2.6941323632971526,-1
-1.2656495487936417,0.40255478530804084,1
4.424915191481173,-1.1241618626121206,-1
-0.49614567245990443,0.35678687283195737,1
3.780957148545722,-1.95521600718536,-1
-0.032573172704272034,-1.5380256773100947,1
-1.108805357546817,3.6621087941144075,-1
0.3725914659319637,-0.7435468793348516,1
4.339232442593847,-1.6057377237672719,-1
-1.7736584172109389,-0.3598479347658905,1
-3.2102285969764437,2.437646461755093,-1
0.06000050786870967,0.13108428980762118,1
2.0430446395118653,3.755747114696072,-1
0.2527146377557764,1.8609690456228063,1
1.868156407015292,4.157783083586845,-1
0.5233163171868844,1.3587798249277279,1
-4.140236996354407,0.08352802543189758,-1
0.9364988903485074,-0.771734965369349,1
2.8709840706382854,-2.3817084614278135,-1
-1.1664232668076469,0.0263929784591156,1
1.9174300571998004,-3.5446006555535794,-1
-0.0708786948443672,-1.1872568908697572,1
2.800150127947785,3.6948154871335097,-1
-0.4208565145463646,-1.8082770592750395,1
-2.696142994560531,2.716876818501728,-1
1.8776015039432057,-0.675309648979424,1
-3.1276417369039944,-2.809359489482105,-1
0.922784571950547,-0.04271388032436604,1
-4.0218310400589825,-0.1710140386166821,-1
-0.8766321154202902,-0.7010816358328066,1
-3.439044796114845,2.6472514342154234,-1
-0.4784943857046349,2.1241398480265183,1
3.8371503296688867,-0.10550944466964912,-1
-0.6909259434762922,-0.4094686534078588,1
3.4281278838141107,-2.2978054090996025,-1
0.17623694953935667,0.5547364033582507,1
3.2530250775957237,1.4794982611972853,-1
-0.09859863839580188,-0.4315430359012734,1
0.7388331544843597,-4.078786434531421,-1
-1.207534295115019,-0.6056057337631511,1
-3.5698666521586575,0.4124425123135904,-1
1.8884828204481148,-0.013882514735272092,1
-4.88588826669161,0.2386980529778166,-1
1.0344040068524583,0.2560305719457104,1
-0.18166338657729308,-4.241705108785055,-1
1.1941588148900375,-1.985533181254551,1
-0.7194616427655369,-3.596983943715471,-1
-0.19612160998057895,-2.1134089280698594,1
-2.4672586085981796,2.850500650288828,-1
-0.9528253206914717,0.2565912136545229,1
3.6603042531460868,1.15937234927767,-1
0.22160072681064294,-0.2490669086458918,1
-0.45540158431403893,3.8874390993586547,-1
0.025350696545735678,1.9372331253360362,1
-3.651050480137398,-0.6809023897933669,-1
-0.571627706254194,0.33733115618628373,1
-3.5484920276636767,-1.0484587906360694,-1
1.7546969755744033,-1.5279127972727937,1
-0.8125514921888193,-3.9909432190519762,-1
1.2475473145304001,-0.7051466562487975,1
-1.7404990205948727,-3.6607746041154803,-1
0.17529088425885592,0.4219552531050894,1
3.0798072492198925,-3.605013525045751,-1
-1.2476256520919131,0.025998017568279064,1
3.6123056560169915,-0.17052194398948373,-1
-0.011721000668733413,1.1126908025438889,1
2.9992983073149753,2.839999985071954,-1
-0.013924458706879361,0.30380066470178163,1
-3.8527756654815835,1.0362477553844909,-1
-0.37309521218389113,-0.09414048673598883,1
-3.734789346881092,-1.8257272525571342,-1
-0.48141006724296154,0.17049870857866853,1
-0.24906281219826104,-4.357355626123369,-1
0.42789188355737434,1.5565554294422261,1
-1.893741508987175,3.848035633480775,-1
1.0921823995932547,0.5692990535290614,1
-2.5874274235987147,-3.1440296085198445,-1
-0.11527928222120382,-0.2726720959645596,1
-0.5314182176998693,-4.489936683300574,-1
-1.016218290255601,0.9207576644892783,1
3.258742761756196,1.7284271211825952,-1
1.0856303799660898,-0.9419535810271598,1
-1.5446540155420245,-3.934403269633978,-1
0.9497388078504277,0.7026830922709714,1
0.17982167097008334,4.1322133084306,-1
1.5769891772695355,-0.8684380746555329,1
0.21198040838361645,4.7476839382197795,-1
-1.1843244417129881,0.9452441809159322,1
-0.4392960269916486,4.7232129821812725,-1
-0.14571916693529255,0.1535526577690481,1
2.239633970850332,3.4360574797088796,-1
-1.2201213532600477,0.6550867867668296,1
4.379923665606395,0.04119526812314833,-1
1.329346567285175,1.0093941281571743,1
2.849559181265057,-4.015999027904677,-1
-1.9670582180373701,-0.042370747572907104,1
1.3863702205364565,4.41261438770499,-1
-2.0868526899308395,-0.32801036367825465,1
-4.070112952941257,2.2289229421987566,-1
0.05337183918481406,0.9725121005255506,1
3.703614307218116,-1.0801015006391887,-1
-0.855104423500369,1.7062518628959595,1
-3.5344091390498646,-2.3770852808576506,-1
0.8419448538512462,0.4072997309281997,1
4.010241730347764,-2.3402862561147817,-1
-0.9770755527870494,1.0056879055950412,1
-0.5711937808677637,-3.879667907015217,-1
0.3156807479703177,0.8912207392768977,1
-0.04157388764150401,-4.4168238623831515,-1
-0.10151127314449367,1.5189512627160968,1
-4.749856588105956,0.3002060088276907,-1
0.7488352004575185,0.32145369238948773,1
-3.626414300425508,-2.23358508163053,-1
-0.5149170047175411,1.0659392646741856,1
-2.340541021715578,-3.147966662218699,-1
1.33686483270908,-0.2527335009801167,1
3.250880729667866,-3.638430276463329,-1
1.3033768034174908,1.5575749316760863,1
3.9810087335492303,-2.3469134480261262,-1
-0.10250806331129309,1.9254357730065377,1
-1.3491780622377685,-3.6779901632672014,-1
0.5643394611399969,-0.6240117589082871,1
-0.7300391834595439,-4.164728189887952,-1
-0.03421842745912772,1.7912380242396846,1
-4.459137728824534,0.2281460107989937,-1
0.5215953597683989,-0.4734512994338915,1
2.1774943949745924,-3.5350349496679687,-1
-1.0328786202573996,1.5446967806760428,1
-3.310602285875042,-1.6579274693943462,-1
0.1451013718452579,1.5489260249429926,1
-4.003066988661071,1.009156523782657,-1
-0.7614196109534666,0.6753985834118801,1
1.5637129102446918,-4.521100686312167,-1
1.3372871880006991,-1.4765110109479749,1
-3.295179122167022,3.2848747798145985,-1
-0.5522090946873359,0.38297171912516964,1
4.465646259323032,1.4442541963670064,-1
-2.4001832285773417,0.01011522683345781,1
-0.3570096320584262,-4.889554062764611,-1
-2.1658949418169504,-0.01878959222947417,1
-2.5210802556288736,3.7089320359519147,-1
2.119378842827987,-0.9815321832795731,1
-0.9638500591963874,-4.51765477263699,-1
2.147500554709572,-0.3972265196793715,1
-3.3146921042708946,3.413788357264598,-1
-0.37749833496672347,-1.8994957736163545,1
-3.768171023092809,-0.9631842954351739,-1
0.5727030109873668,1.113543083299487,1
4.385824405286699,-0.32556765185584463,-1
-0.3413225136155344,0.3522022822776034,1
1.096561624559231,4.690827551125494,-1
-0.7276607711350935,1.1895242948191072,1
-0.567021934270207,3.588645800404294,-1
0.44887174941904423,0.07096194780172486,1
-1.9719433998662503,-3.8554834293643863,-1
-1.9708168900510799,0.18183166579660512,1
2.6567492403246007,-3.344271222749359,-1
0.988086129159744,0.15490284704016344,1
1.7134576574716156,-4.444732004166599,-1
-0.4829730338075957,0.033935149063966906,1
-3.391917642065898,1.2637780615418166,-1
0.8425878180350009,-0.33749462343028486,1
-3.7968410540766966,1.6029995170836997,-1
0.9089569511540853,-0.039573930863950356,1
2.0809505248824074,3.4714110813766665,-1
-0.01969788414072761,0.2467236489881237,1
1.9575617401933214,-3.3532415974810843,-1
0.1010717058564443,-0.8582715496209404,1
1.9808004692208818,-3.5994896028724517,-1
1.627590864158756,1.2158901662729251,1
-4.193381722217848,1.4721309485813265,-1
-1.1437646617427115,0.6781017385318563,1
-4.628440227829073,-0.29041959491915226,-1
-0.9134363195070928,0.5043100390999112,1
4.605000357900039,-1.0209025755109113,-1
1.54068239204829,0.2110381661773614,1
2.337153208514948,3.5622183638347353,-1
-0.03195757908774959,-0.22330021585636103,1
-4.619735241958656,0.04818578361125038,-1
0.4439285438378649,0.8728934827319974,1
-2.536057814811887,2.931278961460764,-1
-0.8101980760595413,-0.1208144048550476,1
-0.8379593024707677,-4.355425712335335,-1
-1.260045461924501,1.7801133094849126,1
2.4068563040406854,-3.5658431326763256,-1
-1.661483817332021,0.0064134382184403305,1
-2.393443704410102,-2.9908237368464525,-1
-0.2384518814747675,0.3238708854701506,1
-3.4747480939238673,-2.269518279164512,-1
-1.4481274761176839,-0.6020753899760646,1
-2.4232246888511955,3.160971661431517,-1
2.086821860977023,0.9829972523172391,1
-2.597698977329686,-3.6955031218113574,-1
0.8629064079847395,-0.42592333429943996,1
-3.9501486813540945,-2.3424941541884126,-1
1.2385213497679668,-1.0767075395318562,1
0.8991819784226309,-3.7132831828087713,-1
1.8642503834918467,0.05177126066970715,1
-3.3614605215261455,3.522988574913882,-1
-2.3462783872754454,0.400523348372922,1
-2.7980746411252295,-3.141327549135433,-1
-0.38232045301314266,-0.022516832721174933,1
-0.7313421528558747,-3.4672232702014907,-1
-1.7429854340106,-0.1687018479299037,1
-2.922231397964547,-3.022337791477337,-1
1.4405751536710414,1.3460838721925372,1
-3.0401512398789503,2.998467281434167,-1
-1.636663232873051,-0.2814257800717568,1
-3.940023208809957,-0.9624718929289052,-1
-0.9815437383551088,-0.0670582836179235,1
-3.2016765826879703,2.803086095840021,-1
0.2060320653057178,1.4741507254565636,1
3.944283487422734,-0.8047037304175032,-1
-2.034955255456285,0.1678061621678068,1
-3.7608208397147416,1.4137408517038754,-1
-0.04909884450141238,1.4639560462403245,1
-3.907617523223542,0.3517086975983399,-1
1.0407436393008982,-1.0841789806057787,1
0.5421139203584249,4.536711146567676,-1
-1.1733984981014343,-2.056774456741138,1
-2.804304288790055,3.584002113413928,-1
-0.9765761683609655,-0.2508838439042964,1
3.9766164668859414,0.7824617197405047,-1
-0.6916058277333633,-1.8854398182494672,1
1.043063872629238,4.630086830408233,-1
-1.6710380583200402,0.14329359547833592,1
-1.8878818976042604,3.536966010979031,-1
-0.1301790271593575,1.6300490793559002,1
0.9263292262222795,-4.413278521002808,-1
-0.00022251339783801877,0.36497419280217264,1
-3.503187224664208,1.426334757169894,-1
0.30191501129261034,0.3280084253671599,1
-0.05850852067943401,-4.677333635299611,-1
0.1621452123727814,-1.9462435609383106,1
4.274204181038085,2.1837537965700693,-1
0.20778835683347996,0.3363114791773679,1
-4.209634762548606,-0.5695865081038491,-1
1.0378252906316483,0.5293229312462022,1
-2.9843009604837767,1.9125874820533402,-1
-1.2034406799342614,-1.628658156765907,1
-4.762515885110483,1.175242111473818,-1
-0.6763993914940974,0.6832476055366649,1
-0.19344773024926687,-3.5649258939959902,-1
0.564997394558091,0.8930428360927724,1
-4.423442847176645,1.6589138827170267,-1
-1.2067522358982528,0.7030979520479623,1
2.644031307401405,2.633979760191693,-1
0.6389048003200266,0.8824327279598289,1
1.5046247195132936,-4.177326846411991,-1
-0.6297128567160188,-1.0810707782984452,1
3.249482000477389,-2.6162077603831047,-1
-0.10043833843730794,1.5465365815443772,1
-4.517555790048062,-1.7211816375371165,-1
1.7917867863267707,0.24060022752962873,1
-3.8854249619103522,2.216065346033785,-1
-0.11350835401268708,2.20145612613827,1
-4.355539852964499,0.5622367150011222,-1
-0.06243142122724299,2.044690782365461,1
1.8895634020095318,-3.3571279094834825,-1
0.39692412871628346,-0.4558616728105706,1
-3.4965305808497855,0.3095482219544714,-1
1.25513152947484,-1.5479576337183165,1
-4.61161572246946,-0.12161735179761142,-1
-0.07829242568176585,0.0713289806137486,1
-2.8202223829170046,-3.349378521201754,-1
-1.3860150592706855,0.8495669202267816,1
-2.51285262749946,-3.0391835733685535,-1
0.23600777953788232,1.8874428871506215,1
-4.139177601695807,-0.9372265657805392,-1
0.8413985788412738,0.8927085480337782,1
0.7659466488710975,3.928070136695093,-1
0.8345227870559999,0.8826103130271485,1
0.8863296489040444,4.351824627517303,-1
1.1137757787681717,0.20058947828616575,1
-4.40307331656208,-0.7330048047506873,-1
-0.0012954821365028654,-1.701551293174412,1
0.3984817709053829,4.5854457760774014,-1
-0.10694741510167645,-1.9318759232968274,1
-3.6451785362836246,-1.2929097254267121,-1
1.6364001694743753,0.14145249475760868,1
3.6321953034665904,3.006851134900886,-1
0.7294498131101045,0.0011035138936992704,1
-0.9549848655740153,-3.9917811433318287,-1
-1.803192855740076,-1.1099975374151756,1
2.1533235873725856,4.276598497955351,-1
-0.03696845711380469,-1.1911954904215045,1
-2.742807409130982,3.250193002989917,-1
2.332481033255126,0.35918564417826454,1
-1.8786600500320167,4.197562521924643,-1
-1.0269782485630168,-1.1712480484604277,1
3.5503580921857254,-1.1049566075931083,-1
0.07803238328001903,2.1542669568996775,1
-4.32395820753187,1.7685263887385434,-1
-0.591945857559993,1.0862856628001158,1
3.1713470525409213,2.7138535574107436,-1
-1.5566007835235265,0.2855885840084101,1
3.0375982725572084,2.4747409543562062,-1
1.9354382798963525,0.22408632606958753,1
4.0386245033828505,-0.9731334289156208,-1
1.782131024978704,-0.02327216656862954,1
2.65168984124405,-3.320677705767386,-1
0.17367435823763072,0.9875772717479234,1
1.1885707200370839,-4.159509901712709,-1
-0.9983717415719141,0.09393555444887247,1
-3.896590114952499,-1.993155319606167,-1
-1.7426491240393391,1.5012316827470302,1
3.885718122304838,-2.090047506393525,-1
0.46590797131021455,-0.9384034517468485,1
3.0626275284529645,-3.306932254121958,-1
-0.9175443611812716,1.8567394169091396,1
3.952012738215126,2.599992532892218,-1
-0.5237095688141613,0.041177651018639946,1
3.7769397845686163,-0.7619618837716369,-1
0.8767570008971974,-1.9327886834255896,1
-0.7440023190156603,4.328865496593321,-1
-0.12611688001436486,0.2912802481337079,1
-3.938145382414067,-2.55707766955228,-1
0.24317717216602963,2.1743604379930397,1
0.24120044479277009,-4.638019653825189,-1
0.4014003800038245,-1.0860123362469571,1
1.480825402992139,-3.4195938818567626,-1
0.30495156702957976,-0.27817024091524944,1
-3.4502912693167884,1.6030089741824813,-1
1.5066143770953886,1.5792048813323876,1
-2.774039284365084,3.5795655537487594,-1
1.0219294963035026,-0.4631028431774676,1
-3.7223536739340912,1.4166403583510314,-1
-0.6813308459121717,-1.145671376771698,1
3.952980436704851,1.1199366453483803,-1
-1.1370038334773587,0.15563345754051278,1
-1.656393626378845,-4.654286457939287,-1
0.1925302249320759,-0.473864171780096,1
3.0987504502343435,-2.4773985960772116,-1
-0.06994479137772368,-0.11718563370235845,1
-1.1503818146238063,-3.3873559910196267,-1
-0.6156235804017033,-0.21683168828969918,1
-0.41327546700485535,-3.5977698117268,-1
-1.8276111696491613,0.8983671290019628,1
-3.4786930270666523,-2.443640076518859,-1
0.34266485920327017,0.3358137157719433,1
-3.4782127153357747,-1.0737470072205006,-1
-0.8636595751472408,-0.18179844005874474,1
-3.07980010008105,2.262610950676969,-1
-0.18400991370284234,-1.6563824309387767,1
3.883855424150161,-0.8338127938203889,-1
-0.31090961754116847,2.4075284145582887,1
2.1525040581152908,3.4355138118456736,-1
-1.4410664443214156,0.1549177388205206,1
-0.7614940760114621,3.7265811165737657,-1
0.17823438986294637,0.6950617526915026,1
-2.005028292058097,3.625154913579014,-1
-0.04385565385692689,0.1516644414848072,1
2.8958283539286316,2.597641756558737,-1
0.0576848269617224,-0.7755356140501785,1
2.166276142184551,3.765145613270639,-1
-0.2944606548647335,-1.4575881496042815,1
2.146943532169486,-3.50473334414472,-1
-0.8602834110301992,1.7704671217337669,1
-2.1533449312359116,-3.403739827936139,-1
-2.092067126235195,0.29189099216510533,1
-1.671138313201571,4.259627307430936,-1
-0.5449285913860623,1.3375821683690436,1
3.0056943285940494,2.7618677564799032,-1
-0.8200050187144082,-0.865568117815892,1
4.183798873531699,-1.813679072830586,-1
-1.4976685049614993,-0.43553913431302493,1
-0.3777595169326923,-4.404803585169174,-1
-0.6650312912420393,0.9609554369789534,1
-4.082103431105856,1.5993809801154752,-1
1.5215726195215857,-0.45894509395823646,1
3.5359233680664826,-0.42243076786891426,-1
0.6019569079984206,-2.2750883723928497,1
-1.1598671414781943,-4.808941251048771,-1
-1.865857662796791,0.08036900374272318,1
3.8258591374840365,2.204462713947207,-1
0.09333046924466752,-0.6208470234575167,1
4.514511143076855,0.19492917805514873,-1
0.999327227313032,0.8357342245036556,1
-0.4206470693633564,3.4869214901217003,-1
0.0732702857342702,-2.1925075578300275,1
-1.708044739529382,-4.592179348390432,-1
-0.34198562874863686,-0.1640159034671879,1
3.0062633185732883,3.393418842847845,-1
0.25693886345668077,0.7088480705897351,1
3.6645277184931575,-0.21387274948212495,-1
1.3041555843272938,0.2878218427252101,1
1.7414576303756502,3.1172425202236522,-1
-0.1550003863833621,-1.8998849658996135,1
-4.286219315093706,0.8395289861049056,-1
-1.5350196047710847,0.9477808887674288,1
-2.578751423426678,4.002821255716952,-1
-0.40958613961464846,0.08311955822033829,1
-4.493908917796855,-1.3047962413462877,-1
1.8432299464893696,1.3842228789488338,1
-1.6494648987294678,4.061298273414373,-1
-0.6306940219958928,-0.02083468433951739,1
2.9377440915265614,-3.4561970636216297,-1
-0.20517936619367852,2.4618561639482617,1
-1.4653383782145286,3.3671377309604638,-1
-0.7181132065271223,-1.2832345969038605,1
-1.054976190651871,-4.6112120394369125,-1
0.142252709514579,-0.9755243985863113,1
3.1373666415629726,2.4735594574296904,-1
0.8892804965265045,-0.08850837412608008,1
-3.9699092836811603,-0.12563848563111077,-1
0.0432186857446633,-1.1028188403300025,1
0.25890276349650587,-3.9184397599524883,-1
-0.08539851350410647,-0.8254307466088542,1
0.014430127509712886,3.51996665515162,-1
0.6116266578246398,-0.6895030564701272,1
2.0463327633603656,-3.426175541703785,-1
1.8398777090218574,-0.5180617702402045,1
-3.211919648230742,2.9502641798401865,-1
0.883222765816782,1.503180318349787,1
4.323302186183119,-0.9360083140395768,-1
-0.8879049638915731,1.2218632166515109,1
0.1612687982340684,-3.792853481796356,-1
1.4677176970372905,0.3012867153118486,1
2.927770059676894,-2.810748993822929,-1
1.2038709315213771,-1.0406895543448704,1
-1.2716561121639256,4.1582215758478664,-1
0.6262430226436643,-0.8954671534846051,1
-3.555268893702941,0.20556096632719978,-1
1.6722151765735198,-0.4316545351486816,1
2.1532840849468378,-4.0560465969248645,-1
-0.41138512223903956,0.4444939141200314,1
-3.963142558515038,-1.4957367072053516,-1
-0.49136557193558544,1.7293329098533368,1
-2.5935679684935415,-3.1457850837865076,-1
-0.010199975288584434,0.8806095731609169,1
-1.592948097150323,3.270199558300615,-1
0.42768525224189013,2.1639888403568577,1
-3.7738504566334696,0.43971159406086713,-1
0.02239613994068165,-0.14076013812747365,1
-2.223222838370362,-3.431893498338386,-1
2.1788421254334183,-0.19143797525049283,1
4.419772456834446,-0.9645636743676754,-1
0.2012904871493977,0.07457486753142213,1
3.4477499404135363,2.3621433597945107,-1
-0.4285635266159437,-0.35648324563869616,1
-0.9155442167282299,4.685686481954306,-1
-1.1653129663402206,-0.37252436048086546,1
-3.5133536537090113,1.7465750930448534,-1
-0.8954920641926072,-1.0972208042471423,1
-2.0111102468464113,-4.036306282839448,-1
-0.01930373035989774,1.9052754968468992,1
-2.239510704566969,3.3298389344079253,-1
-0.007755153720150673,0.7630468069346633,1
-1.0597777984307282,-3.413834198476239,-1
-0.7067272774808511,1.2910072349748911,1
-3.630163795525425,-0.1716060242060572,-1
0.6212875061804186,0.9083946795607876,1
-3.528368641957717,-0.13089210617147956,-1
0.4820460030431558,-1.8288585127400234,1
-4.392843337298229,-0.018584901991838272,-1
-0.1757272252469186,-0.5690089383722752,1
2.277728095200949,-3.5297769833978876,-1
-0.2035197883281747,1.1733126106724088,1
-4.0701349711737995,0.765089119392373,-1
-0.6218734885105054,0.9376188176419744,1
-3.444637447666411,2.1682734172963,-1
0.4646282789314682,1.5049794052420709,1
-2.604592419609184,2.892214585392381,-1
1.8852918944202357,-0.3176382582180441,1
1.1098476851110755,-3.5235270549813724,-1
-0.031294725668460345,-1.2532762827408896,1
0.3992747335013702,4.118004723262891,-1
1.453632632656464,0.4056192980427786,1
2.3913535377778543,-3.5632338746725227,-1
-0.32383922319728914,0.993467281918603,1
-0.28412223816822063,-4.640356716464762,-1
1.0404986398373062,0.3173951586992106,1
4.650700748263726,-0.3097026787791456,-1
-1.0344341960275116,-1.116121613424397,1
3.7043858243459766,-2.3876318897953137,-1
-0.397142236895364,0.20753138355161801,1
-3.148519429224656,-3.5314626465778742,-1
1.458608893550706,-0.00906520704319942,1
-1.588668225905608,4.448060253803697,-1
0.06024883241879784,1.5719754434061233,1
4.346777016718158,1.0179159838851184,-1
-1.200379437019379,0.5194988431906337,1
4.837495200743819,-0.7312738601944738,-1
2.0968758732352217,0.061582093782975515,1
3.8460347310248557,-0.4540901828672208,-1
0.9636081629214657,0.34654013526364014,1
0.7685970433040749,-4.87938158359584,-1
-1.0862302713508891,0.21466738458928689,1
3.2784452021114534,-1.6135439367436502,-1
-0.8767790156017642,1.5771019685213754,1
2.182585985100055,3.332338211774512,-1
0.800007745273188,-0.09869931222321142,1
-3.8470042362327446,2.250604171712597,-1
0.721233509634321,0.4873697256126896,1
0.09172271655106397,4.038193460894606,-1
0.20804364594075037,0.7333707576673796,1
-4.295225824239982,1.6276680794623797,-1
0.18156502881738457,0.9480984316566853,1
-0.9322659547533491,-3.5477971677725177,-1
-0.3286108168159162,-2.103705608412504,1
-3.4590324732085094,-1.5933560202577601,-1
0.2514362473876687,2.1902655256548793,1
-1.557174474042809,-3.445093117715116,-1
0.12198434525447183,-0.5127756514439763,1
-1.0608530645549517,-4.043067255361415,-1
-0.8815833884320241,1.3030710019506335,1
1.12131295257753,4.5393642214741154,-1
1.1832706130965145,0.2874565677392844,1
3.368749987215983,-2.117968840327366,-1
0.9096533105499353,1.5639089253113472,1
-3.739832024012195,-2.8180814590142034,-1
-0.7584449949065644,2.154705910289048,1
2.7714216199299075,3.1485435936808743,-1
-0.04339237798624483,2.4362251733667377,1
3.7394426486221914,-1.4665084322181912,-1
0.48775195403476485,0.17814523657033082,1
-4.614334204273814,-0.45313869654573813,-1
-0.27593537969888793,-0.46300600634211386,1
2.5069676843129085,-2.9333103292894482,-1
1.4919773773400242,-0.7323925025170773,1
2.2958986408210977,-4.024625853051941,-1
-0.04867555274028907,-1.443495799596335,1
-2.5491738630977823,-3.2132697900208664,-1
0.5933225467796313,-0.40117351164151055,1
3.3549080187418916,1.5244231821222018,-1
1.09323121297427,0.6923274542680758,1
-3.911058008175629,-1.71004759825723,-1
-1.0504708244602148,0.8426514670932056,1
0.7755853378856769,-4.623791118125572,-1
-1.4933066540201292,0.6007276968868416,1
-3.227991892481822,-2.0425034177453445,-1
0.9560720305210162,-0.03706978326793378,1
1.5828071543740427,-3.3219455461559315,-1
1.6222463200734296,-0.5321356816522999,1
-2.684252361546856,-3.553421217038658,-1
-0.37587057733925117,0.5657502725858132,1
0.09718687029530976,3.7400695408645497,-1
1.6362870061292314,0.39999937342367786,1
2.561407804053664,3.4020621841466987,-1
0.17905499171361983,-2.080121179016919,1
4.013755769836387,1.3215051831866655,-1
-0.42591189383856076,-0.571291640188039,1
4.901955735200144,0.20338347052455774,-1
-0.09842588734657416,0.0004385396141630679,1
4.274355463990954,1.8036712115151363,-1
1.0636696321092953,-0.017210026595888876,1
-3.645919520089028,-0.32343857372069046,-1
-1.717218202183934,0.1494792807424364,1
-3.200574222873271,-1.608133323495476,-1
0.4652136170038284,-0.11679847623271805,1
2.8612686098203906,-3.143511941832131,-1
-0.008930048808801369,0.2453289506699666,1
-4.339481876092865,-1.6977863577393053,-1
-2.1988319607173943,-0.589830788788347,1
-1.5003253333126454,4.211975615800247,-1
-0.22362400372014624,-2.32295238369616,1
2.9039607434254013,3.3215385695060213,-1
1.2270913448918708,0.041999505562844944,1
4.016578210797347,2.334586140968871,-1
0.020755131384799817,-0.01666460055728528,1
-3.5882516596055254,1.1931230324001842,-1
-1.6071551200803873,-0.40562792596171915,1
-1.4826350980708167,-3.709748315350347,-1
0.5988049965735731,-0.8710462244377739,1
0.02237898033113557,4.30102783472919,-1
1.8368523436170223,-1.4923860224614451,1
-3.627752996098273,-2.7614766986901347,-1
0.020065709353113907,0.4436042084098176,1
4.547350743636055,-1.1755774779166819,-1
-1.3350821207222714,-1.465880817909367,1
-4.047625406652014,0.38532728534472416,-1
-0.00617609868835578,0.6322046068663367,1
-3.544170049762042,2.7202057012692182,-1
0.1676671066076092,-2.0531127086161987,1
-3.7963739378056833,-1.5963070892648432,-1
0.4867083628116964,-1.171929913878,1
3.8692763475575798,0.5027068575758487,-1
0.2465625371937229,0.8168896791690357,1
-4.395177996654097,0.7007534736280013,-1
-1.639357285880774,0.07571718068478023,1
4.844792114630796,-0.09584951721601274,-1
1.049827525430931,0.7714471730075887,1
-3.004199157776755,-3.595961416757197,-1
0.06280111306810139,-1.3941858184928262,1
-3.306281264375289,3.6209182378161295,-1
0.22757390330088773,-0.5085956279318229,1
1.6498556822481076,-3.6345070472495946,-1
0.3658768613889238,1.3745932277974966,1
-0.20116110623945144,-4.32922170278457,-1
0.08238021160169147,-0.6809629040928576,1
1.321759023173953,-3.564781611277971,-1
0.9692984788721006,0.5874437929750846,1
-3.642038912926155,-1.6018817912852328,-1
0.12473247973969691,-0.44906990836764665,1
-1.4126965071796616,-4.536957450418556,-1
0.08459879590857854,-0.16552276430970062,1
0.09308768008252444,4.72409228928096,-1
-0.5858233768936055,-1.352261578546056,1
2.084845534193375,3.515803667561543,-1
0.05369993956117895,-0.39142018664012496,1
1.6248232699806668,-4.1996798983245585,-1
-0.42972713416517244,-0.7143885456462389,1
0.3896817330212013,4.714271564221873,-1
-1.6346332046717054,-0.01112925441215538,1
-3.363218548191513,1.409571316247189,-1
-1.5866571795533573,-0.7942093661990579,1
3.724258382830564,-2.1597624311613535,-1
-0.7798942868898529,-0.5818299286320939,1
2.8440592705682763,-2.879736707237314,-1
0.5854671316761693,0.033494630596821506,1
-0.857079143799583,-3.8230731300409855,-1
-1.7498909746946774,-1.20808495107723,1
-1.162592612032888,3.945975088919801,-1
-0.009433836948048419,2.0246550076585845,1
4.345921293716778,-0.5961149008186775,-1
-0.07039332272878768,1.245821304810778,1
4.803634156331241,0.23174005736338668,-1
1.2619593253281853,-0.6217841479429929,1
4.317538324249498,-1.3069103878821509,-1
-0.2162846190395959,0.7097152013903882,1
-3.409826202551918,3.4852617553076297,-1
0.41803367065045655,1.4754061107740963,1
-2.6831312598968506,-2.4207669852616918,-1
1.7475536773215326,0.14074519421418127,1
-3.6649129663209945,-0.18823407495473352,-1
0.9380225263026248,-0.7187967092641135,1
1.51315275310622,-3.848374415089791,-1
-0.4911121722951378,-1.3102445637117128,1
-3.1299615893916237,3.26492558306802,-1
-1.2772844381125845,-0.8587610481581655,1
-2.3834625339428497,-3.0754213317248196,-1
-0.2951226990584004,0.5545596750710354,1
2.4154304744690958,-3.434756552097997,-1
-0.01549029893216143,0.32868464912518947,1
3.8771418623726244,1.5136799300741781,-1
1.810404268060082,-0.44794608545783793,1
-2.293636346904302,3.358457723336022,-1
0.8563963617229989,0.7708403248279359,1
0.23154138105067917,-3.932567577090636,-1
-0.6243081090642348,-0.0731245644134658,1
-3.0679251100757052,3.5473589541862354,-1
-2.018835954366826,0.5403175374290768,1
4.726425579100591,1.4013097351732875,-1
1.4285818863049218,0.8454812438254455,1
-3.8895435700657,-2.5098580767898513,-1
-2.255178169649149,-0.051336666229816766,1
-4.256581716950786,-1.4054837670392542,-1
-2.1118150778269245,1.0636037075011953,1
1.5577780127600245,-3.7417677953907402,-1
0.123524892462808,-1.4623428794985462,1
-1.9645768780853416,-4.127210936955303,-1
-0.3477527533785294,0.44623213955036073,1
1.9407647328046664,4.197882695778506,-1
0.31501002894738844,0.3791505085727406,1
-2.671050171148285,-3.163085592277271,-1
-1.14995791976057,-0.546289234496483,1
3.3968771253596515,-2.7785632585496307,-1
-0.963697474748993,1.7036657178392605,1
1.7397545256383862,4.070620488232512,-1
-1.2749155119392457,0.05076909397647251,1
3.436105481842272,2.175796030082394,-1
-0.32070516463144505,1.0367234039401019,1
1.6473460836229867,-4.179107673243635,-1
-0.7136045047609163,-1.412956660482891,1
-0.42701026393339303,-4.032440831575331,-1
-1.4517717963282664,-0.7354982208996332,1
3.3078120042630808,2.559107140011852,-1
-0.7385811099908788,2.0857082470664694,1
-1.2261326798432444,4.2454360624792855,-1
-0.7698362341167387,0.9756642644331849,1
-1.5753166225980324,3.2996043991299167,-1
0.4232368840346822,0.11446383264744668,1
0.8505087463001418,3.6293630453757864,-1
0.03842866412040974,-0.8311060860860822,1
-3.048469941880099,-3.0487338475644097,-1
-0.47058834249030107,-1.5936384036911067,1
-4.183894690480691,-1.4111571348968104,-1
0.7284143074838266,0.09258780111934861,1
-2.109165736076567,-3.5086747878105156,-1
0.09284672691070758,-0.7989739686292295,1
4.179291396665043,-1.7545355249255314,-1
2.1420950481049057,0.7169422325451554,1
1.2598733066085068,-4.5138091005886825,-1
0.25207841262657155,-1.4261675727460457,1
-1.6166317884235863,3.5838944240876187,-1
0.23550632173591013,0.12435467326063245,1
-3.701096264904672,-2.068020736342423,-1
0.08055312971856625,0.4704989414447103,1
-0.6861222678733078,-3.9348702438405416,-1
-0.11059279599277212,0.014235475098074329,1
1.3761577813419594,4.090605155450736,-1
0.08372682632070985,-0.7198611541517342,1
-1.7154490269111462,-4.000364092926225,-1
2.2236845151096003,0.29661737455941145,1
2.6353434125236364,-3.4520422588955895,-1
-0.09098975537494268,0.03845896620513583,1
4.349530134937546,0.914486934012487,-1
0.46628742805007095,2.083377113715977,1
2.8500586537899286,3.242645674567814,-1
1.6717802076982378,-0.191763047559884,1
-2.9517101301048556,3.5402993124414928,-1
0.17635931865267102,2.4392691242488267,1
2.2850770531942652,-3.0605419814339183,-1
-0.6341844389911259,0.2859388563253605,1
4.313095976384615,-1.644443262410993,-1
1.6576308271010662,-0.01983912029503965,1
